review,rating,date
"어떻게 얻은 민주주의인데... 우리의 힘은 ‘잊지말기‘, ‘기억하기‘ 그래서 ‘지켜내기‘",5,2016-11-18
"아픔과 슬픔은 경험해봐야 크게  공감할 수 있다지만, 글을 읽으면서도 이미 눈은 슬프고, 가슴은 아프다.무섭도록 고요했었던 그 도시, 오월의 봄.감히 가늠할 수 없는 고통스런 학살을,오랫동안 기억할 것이다.인간의 존엄성과 함께!",5,2017-06-15
역사를 잊은 민족에게 미래는 없다.,5,2017-09-08
출근길에 지하철에서 숨죽여 오열하며 마지막 장을 다 읽었습니다. 고통 속에서 한 자 한 자 적어 나갔을 작가님을 위로하고 싶어집니다.,5,2014-05-30
"습자지에 핏망울이 꽃처럼 스며드는 이야기. 새의 영혼같이 나직나직 들려주는 이 책을, 한번에 읽지 못했다. 조금씩 조금씩 읽어가며..겪어내지 못한 일에 대한 공분이나 애도는 얼마나 가벼운가, ˝대신 잘 써주셔야 합니다.제대로 써야 합니다. 아무도 내 동생을 더이상 모독할 수 없도록 써주세요",5,2014-06-09
마지막 장을 덮고 뒤표지의 추천사 추천인의 이름까지 읽었다.그리고 나는 그제야 알았다.무슨 `무늬`라고 생각하고 흘려보던 책 표지의 어른거리던 하얀 것들이 `꽃`이었다는 것을.빛이 있었던 자리가 어둠으로 채워진 하얀 꽃들이었음을 알았다.,5,2015-07-25
두번 다시 보고 싶지 않다. 마음이 너무 아파서 ㅠ 내일 또 책을 열 자신이 없어서 밤을 꼬박 새워 읽으며 목 놓아 울었다.,5,2017-11-20
소설문외한이 남편이 노벨문학상 한강이 탔다고 해서 깜짝 놀라 검색해보니 한강 작가님 수상하셨네요. 작가님 축하드려요. 왠지 모르게 벅차오릅니다!!!!,5,2024-10-10
이 책은 누구나 한번씩은 꼭 읽었으면 하는 책이다5.18광주 민주화 운동의 아픔이 잘 드러나있다,5,2019-12-01
또 한번의 오월이 지나간다,5,2020-05-24
몇 문장만 읽어도 눈물이 나서 다 읽지 못했던 책이예요. 이걸 쓴 사람도 있는데 읽지도 못하겠다는 건 너무 비겁한 거 아니냐는 핀잔을 들었을 땐 빈정 상하기도 했어요. 그 모든 핑계를 무색하게 만든 노벨문학상 수상 소식이예요. 오늘은 꼭 끝까지 읽을 거예요.,5,2024-10-11
"책을 읽다 덮었다 몇번을 반복했는지 모른다.문장이나 글이 어렵거나 지겨워서가 아니라,울컥하는 마음을 추스릴 시간이 필요했다.이 책이 나에게는 가장 깊이 남은 그날의 이야기가 되었다.",5,2018-02-19
마지막 장을 넘기면서 콸콸콸 쏟아져나오는 눈물로 시작한 주말 아침. 어린 새야. 따뜻하게 꽃 핀 쪽으로 가거라..,5,2016-05-22
어떤 시선을 따라가도 아픔만이 가득하다.,5,2016-10-01
"누구는 자유와 민주를 위해 목숨을 바치고, 누구는 그 목숨들을 마치 벌레 죽이듯이하고...이 땅에서 다시는 이런 일이 절대로 일어나지 않기를 간절히 바란다. 피해자가 그렇게 많은데...가해자들은 지금 모두 어디에 있는가? 잘 살아가고 있는가?",5,2019-09-26
양심이 아프다!,4,2017-02-25
첫 장을 읽고 일단 덮어두었다. 이거 가볍게 읽을 수 없겠구나 싶어서였다. 오늘 다시 책을 펴들어 늦은시간까지 읽어냈다. 한문장 한문장...나는 숨조차 조심스럽게 쉴 수 밖에 없었다. 책을 읽는 내내 깊고 검은,5,2024-07-22
"어찌 썼을까 싶습니다. 전 읽는 내내 속으로 또 겉으로 눈물이 흐르는데, 쓰는 이는 어찌 이걸 감당해내었을지...",5,2015-01-17
사 놓고도 한동안 펼치치 못한 책오랫동안 마음 한구석에 미뤄둔 책한글자 한글자 꾹꾹 눌러 읽은 책읽다 보면 숨이 가빠지는 책목이 메이고 심장이 뜨거워지는 책왼쪽 가슴이 계속해서 아파오는 책읽기를 멈출 수 밖에 없었던 책이렇기 쉽게 타이핑하고 있는 내가산다는 게 염치없어지는 책,5,2018-07-02
언제나 응원합니다. 건필하시고 좋은 결과 있으시길 기원합니다. 좋은 작붐 많이 써 주세요!,5,2024-10-08
"이 소설을 다시 읽으면, 울 것 같아서 책을 들지 못하고 몇 달 동안 주저하고 있었다. 막상 다시 읽으니 울음이 나지 않았다. 요즘 눈물이 없어져서인가. 각오를 해서 인가. 읽는 내내 무척 담담하게 읽었다. 그렇지만 이 책은 끈질기게 묻는다. 우리가 ‘붙들어야 할’ 기억에 대해. 인간에 대해.",5,2025-05-10
한강 작가의 노벨문학상 수상을 축하하는 마음으로 다시 읽었다. 여전히 훌륭한 작품이다. 5 18 민주화 당시의 사람들을 ‘희생자‘가 아니라 ‘희생자가 되고 싶지 않은 사람들‘이라고 말하는 부분이 인상적이었다. 요즘 시국에도 딱 맞는 책이니 다른 사람들도 한 번은 꼭 읽어보시길 바란다!,5,2024-12-22
이대로 전두환이가 천수를 누릴 가능성이 큰 이 따위 나라에서 살고 있다는 것에 참을 수 없는 분노를 느낀다.,5,2015-02-05
"처음에는 조금 낯선 2인칭의 담담한 서술에 머뭇거렸는데 점점 가슴이 젖어들더니, 중반가까워오면서 어느새 흐느껴울며 책을 읽고 있는 저 자신을 발견했습니다. 이렇게 한강이란 작가를 처음 만납니다.",5,2016-06-12
"기분이 좋지 않을 때 절대 읽으면 안된다. 한 껏 기분이 좋은 그리고 햇살이 따사롭게 비추는 맑은 날에도 끝까지 읽기 힘들지만, 그래도 읽어야만 한다. 그리고 한 권 더 구매해서, 읽지 않은 누군가에게 선물해야 한다. 역사적인 소명처럼.",5,2017-09-02
"너무 아플것 같아서 오래 미루고 있었습니다. 책 구입하고 4년이 지난 금년 8월에 읽었어요. 하루에 에피소드 하나씩 읽으면서도 너무 힘들어서 쉬고... 쉬고... 또 쉬고 했습니다.  읽는 내내 작가의 아픔이 몸으로 와서 같이 앓는것 같았습니다.  한강 작가님, 진심 노벨문학상 수상을 축하합니다",5,2024-10-11
특별함을 찾아볼 수 없다.,2,2014-12-13
삶이 장례식이 된 사람들에게 필요한 건 무엇일까.,5,2021-05-17
무덤덤하게 읽어 내려가다가 마지막 어머니 시점에서 오열했던 소년 이야기. 광주토박이라 다른 지역은 5월에 대학 축제가 열린다는 걸 몰랐네요. 제목만 떠올려도 목이 턱하니 막히는 것이.. 되새길 때가 됐나 봐요,5,2020-05-06
가슴이 먹먹해 졌다. 강하기만 할 줄 알았는데 아름답기까지 하다.진정 멋진 작가다~!!!,5,2016-05-29
"1980년 광주의 아이였던 나는 애써 모른척 피해다녔다. 한강이라는 작가의 책을 읽는 순간 무너져 내렸다. 더이상 도망가서는 안된다는것을. 어디서인가 만났을지도 모를 친구, 한강에게 꼭 전하고 싶다. 고맙다고 정말 고맙다고.",5,2024-12-09
소년이여 작금의 대한민국을 도와주소서~,5,2024-12-08
올해 유일하게 나를 울린 책.,5,2014-12-01
"“그러지 마요, ...... 우리는 죽을 각오를 했었잖아요.”삶의 과정에서 선택의 순간에나는 네가 살덩어리로 전락하지 않기를 희망한다",5,2018-06-17
오월이 가기 전에 되도록 많은 사람이 읽었으면 좋겠습니다.,5,2014-05-22
이렇게 섬세한 글이 이토록 강렬하게 다가오다니! ‘강렬한 시적 산문‘이라는 한림원의 수상평이 딱 들어맞는 작품이다. 읽는 동안 몇 번이나 머리로 피가 솟구쳤는지 모른다. 작가가 자신의 목소리는 최대한 자제하고 각 인물들 고유의 목소리로 쓰기 위해 굉장히 노력했다는 생각이 든다.,5,2024-12-20
한강의 담백한 문체와 어우러진 이 소설을 보고 10분도 안되어서 눈물에 좍 쏟아졌다. 가슴이 너무 아프고 절절하다. 아마도 한강의 소설을 시리즈로 봐야겠다. 그리고 이야기에 대한 그날의 모든 사람들에게 고마움과 미안함을 가진다. 이 이야기를 더 알아봐야겠다.,5,2017-09-10
속이 답답하고 불쾌하고 토할 것 같았다.그래도 끝까지 읽었다.알아야하기에,4,2020-04-12
"등장하는 인물들의 목소리가 내 주위로 혼이 되어 모여드는 것 같았다. 누군가 나를 끈질기게 부르고, 붙들고 있다는 느낌. 그 목소리에 귀기울여 들어야 한다는 느낌에 사로 잡힌다. 증언의 목소리를 가장 낮은 자리로 내려가 존중하면서 받아적은 글. 숨소리조차 죽이고 같이 머물게 된다.",5,2024-11-17
예술의 존재 이유를 보여준다. 읽는 동안 굉장히 슬펐다.,5,2018-08-13
새로운 것 같았지만 그다지 새롭지 않았던. 무겁지 않게 무거운 이야기를 풀어내려고 했던 것 같은데 결과적으로 이도저도 아닌게 되어버린 느낌.,3,2014-06-29
"순결한 피해자와 사악한 가해자를 구도로 그날의 풍경을 재현하는 방식은 이제 진부하다. 이런 작업은 홍희담, 임철우, 최윤이 이미 다했다. 흔한 구도를 넘어 언제 어디서든 폭력을 행사하는 국가 체제와, 그런 국가에 맞서 조직력과 방향성을 가져야하는 인민의 노력에 이젠 주안점을 둘때가 아닌가.",3,2015-06-05
이 책을 이번 기회에 되서야 알게된게 부끄럽습니다,5,2024-12-06
가슴아픈우리이야기.잊지말아야할이야기,5,2024-09-30
한강 작가님 책들 중에서 ‘소년이 온다‘의 명성이 작품성에 못 미친다는 생각을 했었습니다. 이미 충분히 유명한 책이지만 그 이상의 명성을 얻어야 한다고 생각했어요. 일그러진 시스템 탓이겠지요. 이번에 노벨 문학상을 수상함으로써 이 책이 얼마나 멋진 책인지 더 많은 사람들이 알게 되리라 생각,5,2024-10-11
"이로써, 80년 5.18 광주의 역사는 인류가 망하지 않는 한 사라지지도, 감히 빼앗을 수도, 왜곡할 수도 없는 절대적 아우라를 갖게 되었다. 노벨 문학상 수상작가의 작품을 번역 없이 온전하게 읽을 수 있는 것은 덤으로 주어진 기쁨이다. 빼앗겼던 언어를 되찾은 기분이다.",5,2024-10-11
"광주 민주화 운동의 처절함을 느끼는 중이다. 죽음에 대한 공포, 죽음 앞에서도 굴하지 않는 용기. 정말, 진실로 그들이 있었기에 오늘이 가능했다.",5,2016-09-03
"어른들은 광주사태라고 불렀다.군인들이 쳐들어와서 사람을 죽였다고..물어도 조용히하라고 어디가서 그런소리하면 끌려간다고했다.에필로그에서 저자의 아버님이 보셨다는그 사진첩을 나는 중학교때 봤다.그때부터였다.그분들에 대한 채무감,죄책감... 이 책을 읽는데있어 나는 마음에준비가 필요했다",5,2016-11-18
새롭지 않은..그래서 읽는 내내 좀 지루했습니다. 평이 굉장히 좋아서 아무래도 너무 기대를 해버렸어요.,2,2021-07-18
첫 문장부터  눈물이 났다읽는 내내 너무 슬펐다작가는 얼마나 힘들었을까?미안함에 나직히 불러본다   ˝동호야~~˝다시는 또다른 동호가 생기지 않기를진정한 민주주의의 꽃이 이 나라에서 피어나기를,5,2024-12-03
너무 아픕니다. 한문장 한문장 가슴이 무너지는 기분이에요. 출퇴근길 지하철에서 읽었는데 몇번을 울었는지 모릅니다.,5,2017-02-01
2024년 12월 3일.,5,2024-12-04
화난다. 제대로 된 민주를 위해 늘 깨어있자. 그리고제대로 주권을 행사하자.꼭,5,2017-01-28
"광주는 내가 20대를 보냈던 곳이라 내겐 특별하다. 5월의 광주는 매년 옛 기억들로 아파했다. 2017년 현실을 보며 5월의 광주는 더 많이 아파할 것 같다. 한강 작가는 이 소설로 블랙리스트에 올랐고, 전두환은 참 잘 살고 있다. 억울함과 슬픔에 작은 위로가 되도록 5월 18일 광주를 기억해주세요.",5,2017-02-27
힘겹게 읽엇다 글귀 하나하나 읽어나가는게 고통인ㅠㅠ 전두환 살인마를 찢어죽이자.,5,2014-07-29
"드디어, <소년이 온다> 구매했습니다. 2022개정 교육과정 “한국사”에 언급된 작품입니다. 24년 10월에 수상한 작품인데, 이제 구매하네요. 올해가 지나기 전에 완독해보겠습니다.",5,2024-12-14
한강 작품들 중에서 가장 별로임그런데 서평에 내용언급보다는 그냥 밑도 끝도 없이 울었다는 사람들이 많은 이유는멀까?,1,2021-08-31
별다른 정보없이 읽다가 소름이 돋았다. 공포소설을 읽는듯이 무섭고 슬프고 절망스러웠다. 그때 그 사건에 대한 부분을 개인에 게 초점을 맞추니 와닿는 강도가 달랐다. 자료에서 봤던 숫자가 아니라 사람. 사람이었다.알고는 있지만 가슴 깊이 깨닫진 못했던...,5,2017-04-07
순결한 피해자와 이해할 수 없는 가해자만 나온다. 역사를 다뤘지만 역사적이지 않다.,2,2014-12-12
시간이 흐르면 스테디셀러를 넘어 클래식이 될 작품,5,2017-06-02
노벨문학상 수상을 진심으로 축하드립니다,5,2024-10-12
처음에 책을 살때 이정도까지 슬플 것이라고 예상을 못했는데 읽는 내내 마음이 아프지 않을 수가 없었다,5,2017-12-13
피해자로 남지 않는 대가를 치르는 사람들이 있다. 아직도 광주를 조롱하려는 사람이 있다면 그 대가를 셈해야 할 것이다. 공짜는 없다.,5,2024-11-17
박근혜 정부의 ‘블랙리스트‘로 확인된 한강의 저서이니 꼭 읽어봐야 하지 않을까 싶습니다!,5,2016-12-29
"사실 한강 소설 중에서 이 정도면 태작이다. 역사적 비극을 다뤘다는 것 때문에, 그 사건에 대해 정치적으로 올곧은 목소리를 냈다는 이유로 과대평가된 면이 크다. 유의미하긴 하나, 문학의 정치적 발언에서 새 지평을 연 수준은 못 되어 아쉽다. 전처럼 더 질기고 더 미적으로 쓰는 한강이 그립다.",3,2023-03-26
"우리는 종종 마주하는 불편한 사실에 대해 쉽게 눈을 감고 외면합니다. 내내 답답했습니다. 이따금씩 차오르는 분노, 안타까움에 페이지를 넘기지 못하고 덮어버리는 일이 많았습니다. 그럼에도 우리는 사실을 봐야합니다. 이 책은 우리가 불편한 사실을 기억해야만 하는 이유를 알려주는 책입니다.",5,2024-11-30
"‘소년이 온다’는 인간의 고통을 얼마나 섬세하게 묘사했는가 하는 부분이다. 특히, 각 등장인물의 시점에서 전개되는 이야기는 광주 민주화 운동의 잔혹함을 더욱 사실적으로 전달한다. 작가는 우리에게 단순한 역사를 다루기보다 그 안에 담긴 감정의 깊이와 고통의 흔적을 강조하고 있다.",5,2024-10-15
네가 죽은 뒤 장례식을 치르지 못해 내 삶이 장례식이 되었다,5,2018-03-20
책을 끝까지 읽을수 있을까 공포영화 보다 무서운 소설 아니 다큐소설 지금까지 내가 알고 있다고 생각했던 5.18이 사실은 멀리서 구경했던거였다면 지금은 내가 그 무서운 세계 한가운데로 떨어진거 같다 꼭 많은 사람이 보길,5,2024-11-10
다큐서적느낌일거라고 샀는데 고문부분은 왜곡이 심하군요.,1,2017-06-19
"어쩌면 우리는 모두가 알고 있을 것이다. ˝동호야˝ 라는 가냘픈 목소리를. 소리없는 울음을. 본능적으로 달아날 수밖에 없었던 미련스런 마음을. 그리고, 해야 할 일과 절대로 하지 말아야 할 일을. 무엇을 응시해야 하는지를.",5,2016-05-05
내 안의 연한 부분이 소리 없이 으깨어지게 만든 책. 수많은 사람들이 으깨어지면서도 묵묵히 살아가고 있다는 것을 느끼게 했다.,5,2018-05-18
목포역에서 용산역 올라오는 기차 안에서 읽으며 눈물이 왈칵 터질 것 같아 곤란해 하며 읽었다. 살고 싶다고 생각하며.,5,2024-12-02
"한강 작가 님 축하 드립니다. 이 ""소년이 온다""라는 작품이 제가 읽는 첫 작가님의 소설입니다. 별로 많지 않은 내용임에도 읽는 동안 계속 답답하고 가슴을 누르는 듯한 무게가 느껴지는 작품이었습니다. 다른 작품들은 좀 쉬어서 읽어야 겠네요^^!",5,2024-10-21
감사합니다.간결하고 세련되고 농축된 참을성으로 슬픔과 분노를 관통하며 고통 거기에 멈추지 않고 더 나아가 보편 인간성 자체를 깊게 질문하는 진중한 글이다.양심... 양심...그리고 작가님께는 박수~~,5,2024-10-26
"끊임없이 위로해야 한다.아무 소용없지만 쉬지 않아야 한다.법적, 행정적 절차도 필요하고도의적, 도덕적, 인간적 의식도 필요하지만음악과 영화와 소설과 시로 상처를 다독여야 한다.우리가 지금 금남로로 달려갈 수 없기에 우리는 이 소설을 읽어야 한다",5,2016-05-29
"만일 혼들의 장소가 있다면 그 곳은 어두울까, 어렴풋이 밝을까부디 좋은 곳으로 갔기를...",5,2017-08-13
고통스러움을 피하려다 아름다운 언어의 꽃을 만났다. 동호야. 정대야. 아까운 이름들을 다 불러보지 못하겠다. 그 시절의 청춘들에게 미안하다. 그들이 덮은 태극기와 남은 자가 부르는 애국가의 이유에 마음이 저리다. 어떤 임무를 완수하듯 한 자 한 자 써 준 작가님 고맙습니다.,5,2024-11-08
처음에 쉬이 읽다가 너무 우울해져서 계속 읽기 힘들었다. 읽다 쉬다 읽다 쉬다를 반복하고서야 다 읽을 수 있었다.,5,2019-03-04
몰입감 있고 마음을 묵직하게 파고드는 명작,5,2024-12-02
꼭한번은 읽어봐야할책.,5,2024-10-12
감히 울수조차도 없습니다.삼가 고인들의 명복을 빕니다.....,5,2020-05-19
책을 읽고 자려고 누웠는데 눈물이 흐른다.소설이지만 소설로만 볼수 없는 가슴아픈 과거담담하게 써내려간거 같지만 읽을수록 가슴이 요동친다 ....,5,2018-03-13
한강 작가님 노벨상 크게 크게 축하합니다.,5,2024-10-10
책 소개 팟캐스트 듣고 이 책을 구매할 수 밖에 없었다. 40년이 지났지만 아직도 진실을 밝혀지는 것을 두려워하는 사람들이 많다는 현실이 너무 슬프다.상처는 덮어둔다고 없어지는게 아니라 아프더라도 치료를 해야 그 상처가 회복된다는 사실을 잊지말아야 할 것이다.,5,2020-05-25
별로예요 이 작가 책은 앞으로 안 살래요,1,2020-10-19
수상 소식에 정말 울컥했습니다. 얼마만에 흘리는 기쁨의 눈물인지...,5,2024-10-11
5.18을 교과서에서 배웠습니다. ｀민주화｀란 그저 그러다보니 주어진 줄 알았습니다. 이 책을 읽고 나니 너무나 죄송하고 죄송하고.. 지금 그냥저냥 살아가는 것 자체가 부끄러워졌습니다. 절대 잊지 않겠습니다. 진심으로.. 이런 글을 남겨주셔서 감사합니다.,5,2016-05-22
글자를 읽는데 눈앞에 그날들이 보였다.,5,2016-11-18
기다렸어요.. 한강작가님 신간,5,2014-05-12
한강 작가님 아시아 여성 최초 노벨상 축하드립니다!!몇 년 전에 도서관에서 책 빌려 읽고 참 인상 깊었는데이번엔 대여가 아닌 집에 소장을 해두려 합니다ㅎㅎ,5,2024-10-11
다시는 못 읽을 것 같다 마음이 너무 아파서그렇지만 우리들이 알아야 할 내용들이다 남김없이 전부,5,2024-10-25
"굳이 아픈 일은 들춰 보지 않는 나의 책 취향이 노벨상받은 작품이라는데 의무처럼 접근했다가 밤새 울면서 책을 놓지 못하고 읽어버렸다. 동호와 주변을 아는 사람이 된 듯 가슴아프게 읽어간, 또 그들의 죽음이 사람다움에서 비롯된 것이라는데 감정을 함께 하며 읽기를 마친 훌륭한 작품이었다.",5,2024-11-11
"고통스럽지만 모두가 꼭 읽어내야 할 책이다. 읽고 기억하고 전해야 할 책이다. 전두환과 그 하수인들은 흔적을 지우려고 어린 생명들까지 학살하고 시신들을 불에 태워버렸지만, 한강 작가에 의해 언어를 얻은 망자들은 전 세계를 향해 진실을 말한다. 518 영혼들이 살아서 우리에게 돌아온다.",5,2024-11-20
"아름다운 언어, 가슴 아픈 진실, 역사적 진혼가.",5,2024-10-03
"너는, 너는, 너는.",4,2019-02-07
"내가 광주에 대해 조금이라도 알고 있다고 생각했던 것이 얼마나 어리석고 우스운 일이었던가.  실로 감탄하게 되는 이 책에, 그리고 숭고한 넋들께 고개를 숙인다.",5,2016-05-06
내가 가진 건 초판 91쇄.노벨문학상 수상 기념 특별판이 어서 나오길 기다립니다.ㅎ,5,2024-10-14
오월 광주의 열흘을 고스란히 옮긴 한강. 그녀의 가녀린 어깨를 안아주고 싶다,5,2016-05-17
"어쩌끄나,,, 어쩌끄나,,,번들거리며 잘 살고 있는 살인자와 아무렇지도 않게 함께 숨쉬는 세상이 허망해서 숨죽여 울었습니다.",5,2016-02-05
서른 다섯.. 광주를모르고 큰 나에게 그곳의슬픔을알린책한장 한장 넘기기가 고통스러워  눈물로 넘긴책이다.모두가 읽고 알아야 할 책. 조금의 주저함도 없이 나의 아이에게 다시 읽히고 싶다,5,2016-06-23
소름끼치고 슬퍼요. 너무 잘 썼어요.,5,2018-03-14
고 전두환 대통령에게 이 책을 바칩니다.,5,2024-10-11
노벨문학상 축하드립니다,5,2024-10-11
"사람만이 숨쉬고 있는게 아니라 애국가,가로수,날씨도 쉬고 있는 기분이다.사람을 개돼지를 취급한 자들에 대한 즉각적인 처벌을 할 수 없는 숨도 있다.불의에 대한 분노가 있다  최근영화 ˝파묘˝ 와 오마주 된다. 노벨상의 의미는 불의한 자들에게  부관 참시고 사후 심판이다.",5,2024-11-15
원통하다.,5,2017-04-02
뉴스나 타 영상물들을 통해서 이미 알고 있는 사실이었지만 그 당시의 인물을 투영해서 글로 보는 건 이번이 첨이었습니다. 쉽사리 한 페이지 넘기기도 쉽지 않더라구요..마지막 페이지까지 가슴이 먹먹한 것이 한동안 긴 여운이 남을 책이었습니다.,5,2024-10-27
너무도 고통스러워 책을 읽는 내내 자꾸만 손에서 내려놓게 된다. 얼음같은 불이 가슴을 관통하고 지나간다. 10페이지도 채 읽지 않았는데 자꾸만 눈물이 났다. 자꾸만.,5,2017-02-15
"세계적인 상을 받고도 진정으로 축복할 수 없을 만큼, 가슴 아픈 사실을  숨기기 급급한 사람이 참 많다. 영화에서 보던 것보다도 더 몇 갑절 더 생생한 것은 그만큼 작가님의 힘이 크다는 것이겠지. 그동안 무지했던 한 사람으로서 너무 부끄럽고 또 부끄럽다.",5,2024-10-12
전 국민의 필독서가 되었으면 좋겠습니다 읽기 버거운 책이지만 꼭 읽어야하는 책입니다,5,2016-11-22
자세하게 1980년 5.18을 풀어놓지도 않았는데도 5.18 사진을 보는 것보다 더한 슬픔과 잔혹함이 느껴졌다. 책을 다 읽은지 몇일이 지났는데도 헤어나오기가 힘들다. 한강작가님..께 진심 경의를 표한다.,5,2018-02-18
노벨상 수상 축하드립니다. 잠자고 있는 채식주의자를 꺼내 읽기 시작한다.,5,2024-10-11
"소년이 온다는 읽고, 518에 대한 영상들을 찾아보고 있습니다. 인터뷰들을 살펴보며 미약하기 그지없는 인간이지만, 또 그 안에서 보석처럼 단단하고 빛나는 양심과 존엄을 봅니다. 인간이란 무엇일까요? 인간이길 위해서는 어떻게 살아야 할까요? 여러 생각을 해볼 수 있는 좋은 책입니다.",5,2024-11-04
2장과 6장을 읽을 때는 저도모르게 눈물을 줄줄 샜습니다. 간결하지만 묵직한 감정이 묻어나오는 문체가 참 좋았습니다.,4,2018-08-11
5.18을 북한소행이니 주장하는 모든 권력자와 계엄군들은 광주시민앞에 사죄하라이 책은 그날의 아픔과 그날 이후 남은자들의 고통을 작가의 덤담한 문체로 여과없이 보여준다,5,2024-10-23
그냥 집에 가요.거기 있지 말고 다들 가요.가도 괜찮아요.일이 그렇게 되었지만 당신들 탓이 아니예요.기다리는 가족 곁에 가서 살아요.살면 시간이 가고 다른 세상이 와요.당신이 그러지 않아도 다른 가치가 더 소중한 세상이 와서 다들 잘 먹고 잘 사는데...어서 집으로 가요.,5,2018-08-09
처음 읽을땐 그냥 덮을까 했어요그러다 묵묵히 읽다보니 어느새 마음이 먹먹하고 답답하고 책장이 얼마 안남았을땐 눈물까지 났습니다.그냥 얼추알던 역사적 사실들이 마침내 현실로 다가왔고 책을 잠깐 덮고 인터넷에 815민주항쟁까지 다시 들여다봤어요. 참 슬픈책이고 모두들 읽어봐야 할 책,5,2021-09-16
왜곡이 아닌 진실이다. 용기와 의지가 명작을 만들었다.,5,2024-10-12
"문장 하나하나 눈에 담았습니다.가슴이 너무 먹먹해서 어떤 말도 못하겠습니다.글로, 책으로 담아주셔서 감사합니다.이 책을 읽지 않은 이들이 없길 바랍니다.",5,2024-11-06
"˝형이 뭘 안다고··· 서울에 있었음스로··· 형이 뭘 안다고··· 그때 상황을 뭘 안라고오.˝, 이 말이 너무 맘에 와 닿네요",4,2016-08-21
감히 말할 수 없는 먹먹함... 한강이 써줘서 더 고맙다.,5,2015-03-07
원혼들을 위한 씻김굿. 하지만 아무리 굿판을 반복해 벌여도 고개 숙여야 할 사람들의 재배再拜 없이는 그 한은 씻기지 않으리라.,5,2020-08-04
울고 또 울고 가슴아프고 또 아프고...,5,2015-02-26
"1980년 5월, 정미와 정대, 동호, 은숙, 진수, 선미, 그리고 나의 이야기. 저들의 이야기를 쓰는 동안 작가는 저들과 함께 수없이 죽고, 저들과 함께 고문당하고 저들과 함께 트라우마에 시달렸으리라는 것을 생각하게 된다. 이 책과 함께 1980년 5월이 다시 온다.",5,2018-08-05
"읽는 내내 아프지만, 많은 분들이 꼭 읽으셨으면 하는 강력추천하는 책입니다.",5,2017-11-17
5.18 당시에 광주에 거주하고 있었던 나로서는 이 책을 읽음으로해서 다시 당시의 암울했던 현실을 떠올리게 되었다....,5,2014-06-02
"시적인 문체, 몽환적인 문체로도 미화되지 않고, 오히려 충격과 슬픔이 더욱 영혼 깊숙한 곳에 파고드는 느낌입니다.",5,2024-10-27
<소년이 온다 - 한강>80년 5월의 광주를 지나오지 못했거나 힘겹게 지나온이들의 이야기를 읽는 동안 크게 숨소리 한번 내쉬기힘들었다. 더워지기 시작한 5월의 광주가 선연히 보이며매케한 연기와 비릿한 피냄새가 느껴지는 것 같아깊은 숨을 쉬기가 겁이 났다.어린 아이를 먼저 보낸 어머니의 독백은 너무 담담하고 꿈같아서 오히려 더 아프고 슬프다.지금까지 접했던 80년 광주를 다룬 매체 중에이만큼 깊이 파고 들어간 작품은 접한 적이 없다.,5,2017-01-28
읽기를 망설였던 책.5.18주제가 너무  무거워 읽는데 용기가 필요했어요.이 책을 쓰기까지 작가님에 고통이 느껴지네요.그래도 피하지말고 기억해야죠.,5,2020-01-05
"길지 않은 이 책 한 권을 읽는 내내 가슴이 저릿함을 느꼈다. 역사의 거대한 흐름 속에 상처입은 채 매일 악몽을 꾸며 살지 않고, 내 의지로 대통령을 선택할 수 있는 지금 한국의 2017년을 살아가고 있는 것이 고맙고 또 고맙다. 이후 여기 살 사람들을 생각하기 위해 역사와 문학을 더 가까이 하자.",5,2017-05-10
읽어 나아가기 참으로 힘이든 소설....,5,2016-10-04
양심..우리가 인간이고 자녀이고 형제이게 하는..  그래요. 양심.,5,2014-12-29
읽는내내가슴아팠다. 그때 그곳에 있던 그들이 자랑스럽고 안쓰럽고 또 안타까웠다. 잊지말아야겠다.,5,2017-06-20
읽는 내내 픽션이길 바랬다 하지만 소설 속 내용은 현실이며 아직도 그 여파가 자리남아있다 5.18을 주제로 쓰기 쉽지 않았을텐데 작가의 선택과 유가족들의 도움에 감사와 애도를 표한다,5,2020-04-19
"그날의 일을 잊을 수 없게, 지울 수 없게 마음에 새겨놓았다.",5,2018-09-14
마음이 너무 아파 그 불의하고 참혹했던 역사를 다시 대면하기가 겁나서 미루고 미루다 눈물 펑펑 쏟으며 읽었어요..작가의 '죽은 자가 산 자를 살릴 수 있는가?'란 질문에 답한 '진짜대한민국'에서 사는 하루 하루가 벅차고 벅차네요.,5,2025-06-14
읽지 않으려고 여러번 마음 먹었어요 짐작보다 큰 아픔을 외면하고 싶어서 진짜 읽지 않으려고 했는데..어제 뉴스에서 전두환 사살명령 기사보며 지친 분노가 다시 꿈틀거렸고 출근길 팟케에서 신형철과 한강의 대화를 다시 들으며 더는 외면하지 못하고 읽기로 마음 먹었어요,5,2019-05-14
읽으면서 너무 마음이 아팠습니다. 읽는데 힘들지만 그럼에도 모두가 읽어야 하는 책입니다.,5,2018-05-16
글자 하나하나가 나를 붙잡고 놓아주지 않아 헤어나오기 힘들다.,5,2019-02-12
더 많은 사람들이 이 소설을 읽어야 한다.,5,2015-05-13
책을 읽는 내내 아파서 계속해서 연이어 읽기가 힘들었다. 하지만 읽어야하고 알고 기억해야한다.,5,2016-05-10
다 읽고 가슴에 책을 안고 한참을 있었다. 오래전인데 지금도 눈물이 고인다. 이 깊은 슬픔을 잊지 않으리라...,5,2024-10-16
"하루에 한두장씩만 읽었다. 내게 시린 모습으로 다가오는 소년을 어떻게 맞이해야할지, 자신이 없다.  모른척 했거나, 아무말없이 가만있는것은, 나 또한 어긋난 역사에 동참했거나 한편이었다는 말이 된다. 그런데 소년은 한발한발 들어오고있다. 우리들의 불편한 침묵안으로..",5,2014-12-28
내가 읽은 소설 중 감히 최고라고 말하고 싶다.,5,2020-06-01
"5.18 희생자들을 추모하는 작가의 고통이 담긴 언어에 가슴이 먹먹하고 눈시울이 뜨거워졌습니다. 진실을 호도하고, 편을 가르고, 인간의 존엄을 훼손하는 일은 두 번 다시 없어야 합니다.",5,2023-06-05
숨죽여 조용히 마지막장을 넘기다.,5,2014-06-07
"‘누가 어디에서 무엇을‘로 기억하는 역사였고 사진으로 글로 영상으로 충분히 가슴아프게 공감하고 있다고 생각했는데 나의 오만이었다. 도청안의 그 날의공기,  냄새까지는 단 한번 상상도 못해봤다. 작가는그 날 그 공간으로 우리를 그대로 데려다놓아 내 눈으로 코로 귀로 역사를 겪게 한다.",5,2025-01-04
"광주 민주화 운동에 대해 담담한 듯 풀어내시는 것 같은데... 굉장히 가슴아프게 파고들고, 가슴이 먹먹해지네요. 읽어보길 추천드립니다.",5,2017-07-10
"왜 그래야 했을까. 국민을 지키기 위해 존재하는 군대가 왜 국민을 향해 총을 겨눴으며, 대통령이라는 사람은 왜 그걸 지시해야하만 했나. 너무나도 가슴아픈 이야기. 불과 30 여년 전에 이 땅에서 있었던 일이라는 게 믿기지 않는다. 인간이 악하다지만 인간 존엄을 지키며 살아야 한다.",5,2021-02-18
채식주의자 책을 구입할때 함께 구입했지만 아직 읽지 못한 책~~빠른 시일안에 읽어봐야지,3,2016-08-18
"35년 전에, 우리나라의 한 도시에서 일어났던 이야기다. 이미 너무 많은 사람들이 알고있는..  이에 관한 수많은 소설,드라마, 영화들이 있고. 본 것보다는 안 본 것들이 더 많다.   나 역시도 그런 생각을 했었다.  너무 식상한 이야기가 아닌가, 하고.  그렇지만.. 나는, 우리는.  그 열흘동안 있었던,  먼나라 이야기같이 생각되는 그 일이. 이제는 끝나버린 옛날의 일이라고 생각하고 살고있는 것은 아닌가.  정말 그 일은 이제 끝난 일인가.책의 많은 부분을 혼자 있을 때 읽어야 했고, 계속 읽어나가는 것이 고통스러울 정도였지만. 꼭 읽어보시라고. 읽을 시간을 꼭 내어보시라고.",5,2014-07-31
차마 목놓아 울 수도 없을 먹먹함. 가슴에 커다란 납덩이를 올려놓은듯 숨쉬기조차 쉽지가 않아 계속 힘들다..,5,2016-12-23
악몽같은 책이다.책을 읽는동안 열십자로 포개진 몸뚱어리를 눕히고 눈도 코도 입도없이 떠돌아다니는 심정으로 읽었다.눈동자가 흘러내려 읽을 수 없는 여러번의 고비를 넘기고서야 끝날 수 있었다.소년이 온다는 광주 그 자체다.,5,2015-01-25
몇번이고 책을 손에 들었다 놓았다 한다너무나 읽기 힘든책이지만 고개를 돌릴수는 없는것이다,5,2014-09-05
읽고 느꼈다~~~ 새삼 20대의 기억이 떠오른다~~~ 우리 아직 살아있다~~,5,2025-01-21
‘아우슈비츠 이후로는 서정시를 쓸 수 없다.’ 악몽처럼 끔찍한 사건 이후 사람들은 살아갈 수 있을까? 이 소설은 그에 대한 답을 조심스러운 목소리로 우리들에게 들려준다.,5,2015-05-24
"그날에 관한 기사들과 책들로 그날의 아픔을, 외로움을, 남은 고통을 헤아릴 수는 없을 것이다. 다만 나는 읽는 내내 부끄럽고 미안했고 아팠다.",5,2020-05-17
"˝어떤 기억은 아물지 않습니다˝ 몇년 전 도서관에서 빌려 읽고, 수상전 학교에서 구입후 다시 읽었습니다. 세세하게 더 먹먹해지는 감정은 너무 여운이 오래 갔습니다.",5,2025-01-20
"선량한 시민을 총,대검으로 난자질 하고 너무나도 안타깝다.그 분들로 대한민국이 민주주의 초석이 되었다.그 당시에 관련자들 모두 법정에 세우고, 헌법전문에 반드시 적시해야 한다.",5,2020-05-18
<꽃잎>이후 518을 잊고 살았던 것 같습니다... 한강 작가의 노력과 용기에 박수를!  추천합니다.,5,2016-07-19
존재자체에 감사하게 되는 소설.,5,2016-06-14
괴롭지만 외면할 수 없는 슬픔피하지 말아야해요,5,2024-10-12
감히 뭐라 말 할 수 있을까. 그저 글로 남겨주신 한강 작가님 감사합니다.,5,2021-11-13
"518을 다룬 영화들을 볼때면 이게 아닌데..이렇게 밝다니 말이되는가? 마치 이책에서 분수에 물이 차오를때 부당하다고 느낀것처럼. 그런데 이책은 518을 지나 남은자들의고통과 분노,슬픔을 그대로 녹여냈다",5,2020-09-01
노벨상 후보 예상,4,2024-09-19
일단 나의 무식함을 사과하며 이 책을 구입했다. 유명작가지만 그의 소설은 제목만 아는 정도였는데 이 잭도 그 중 하나이다. 여리여리한 타이틀을 보고 지레짐작으로 성장소설로만 여겼는데 광주이야기라는 걸 알고 정말 사죄의 마음으로 읽게되었다. 나의 역사이지만 잘모르고 지나온 시간들이다.,5,2023-04-15
노벨문학상 축하드립니다.,5,2024-10-10
이미 알고 있는 역사에서도 먹먹함을 느낀다,5,2025-03-03
내가 태어나기도 전의 일이다.그때 갓난아이였던 오빠를 데리고 전대후문 근처에 살았을때 솜이불로 모든 문들을 막고 체류탄 가스에 매일 울었었다는 엄마의 얘기만 전해들었었는데...이 책을 읽을때...읽고 나서도 눈물이 난다...난 무얼할 수 있었을까....,5,2017-01-02
울면서 봤습니다. 마치 역사 그대로인 느낌이라 단숨에 읽진 못하고 괴로웠습니다.. ㅜ 느끼는 바가 많았어요.,5,2018-03-11
책을 읽고 한참이나 마음이 아파 멍을 때렸습니다.문장 하나하나가 가슴을 아프게 했습ㄴ다. 이 시대를 살지않았음에도 역사시간에 배웠을땐 몰랐던 현실을 알게되는 기분이라 먹먹합니다.,5,2024-08-21
수도 없이 펼쳤지만 지금까지도 읽지 못한 책. 그때의 숨결과 공기가 시간을 뛰어넘어 곁으로 펼쳐집니다. 이번에 맞이 하는 5월에는 마음을 다잡고 꼭 끝까지 읽어보겠다 다짐합니다. 잊지 않겠습니다. 5.18 민주화운동.,5,2020-05-18
"우리 시대의 아픔, 뼈가 다 드러날 만큼의 고통이 몰려온다. 한강 작가의 문체는 그 아픔을 다독여준다. 때로는 더 후벼 파며 생생하게 전달하면서도 말이다.",5,2024-09-22
응원합니다,5,2024-09-26
"있을 수 없는 과거의 아픔을 다시 한번 일깨워준 소설. 사건과 인물의 연계성, 묘사가 정말 뛰어난 소설.",5,2016-06-16
518에 대해 잘 모르는 친구를 위해 선물했습니다. 이 책은 거시적 관점보다는 미시적인 개인의 시점에서 518을 바라보고 있어서 518을 처음 알고 싶어하는 사람에게 권하기 좋은 책입니다.,5,2017-05-19
1980년 5월 광주민주항쟁..잊고있었던 그날의 참상과 살아남은자들의 아픔과 고통을 느낄 수있었다.열다섯의 어린 둥호을 비롯한 학생들과시민들..고통스럽고 아픈역사지만 되풀이되어선안되고 오늘날까지 잊지말아야한다. 소년이 온다.,5,2016-07-09
먹먹함이 가슴에 새겨져 아파 옵니다.,5,2017-09-18
시작부터 아리고 끝까지 아프다 고통으로 기억하는 신성한 희생,5,2024-10-17
어렴풋이 알고 있었던 그 때의 이야기.담담하고 답답하고 먹먹하다.그 날의 상처를 그 누가 씻어낼 수 있을까.,4,2020-12-26
이만큼 5.18을 잘 담아낸 예술이 있을까 싶다. 담담한데 격정적인 책.,5,2017-10-26
"직선으로 죽어간 아이들이 충격적이다. 현실에선 얼마나 많은, 그렇게나 괴로운 죽음이 있었을까",5,2025-02-03
"임철우의 <봄날>이 고증에 중점을 두었다면, 한강의 <소년이 온다>는 문학적인 감수성까지 품은 소설이다.  우리는 진실로부터 너무 멀리왔다. 직접 겪지 않은 역사는 때로 왜곡되고 가려진다. 그래서 한강의 소설은 중요한 의미를 가진다. 고맙다. 잊지말라는 의미이다.",4,2014-08-04
"무수한 시간을 지나 차가운 강을 건너 영혼으로 남아, 소년이 온다.",5,2014-09-08
"너무 좋았어요. 담담한 필체, 간만에 소설책보고 엉엉 울어본 터라..너무 와닿네요. 작가님 책 늘 기대하게됩니다",5,2017-05-18
내 인생 가장 슬픈 책.,5,2018-01-13
잘 읽었습니다ㅠ 하지만 뭔가 먹먹하고 다시 읽긴 힘들것같아요ㅠㅠ,5,2017-06-02
잊지 말아야 할 역사마음을 치며 울리는 문구들,5,2025-02-25
읽고 나면 먹먹해요,3,2015-05-20
노벨문학상 축하드려요. 기라성같은 연세 많으신 작가분들 사이에서 이렇게 젊은 작가가 수상하다니...정말 멋집니다!,5,2024-10-10
나도모르게 욕지거리가 나온다.읽는게 너무고통스럽다랄까...,5,2024-10-20
"동호가 되고 정대가 되고 진수, 은숙이 되어 상무대강당, 시청앞광장, 어딘지 모를 참나무숲과 빰맞고 걸었던 그 거리를 함께 했습니다. 작가의 몸과 생각을 빌어 그들의  하고픈 말과 고통을 온전히 받아들이고 느꼈을 한강 작가의 처절함에 다시 고개가 숙여집니다.",5,2024-11-02
내가 이런 작가를 알게 되다니.. 상이란 좋은거구나.,5,2017-10-31
자꾸만 묻혀지는 그날의 진실이 안타깝습니다.,5,2016-05-30
아들 학교의 권장도서라 구입했습니다.문장 문장마다 눈물이 줄줄 흐르기도하고 역사의식과 정의감이 샘솟기도 하고 감사함이 일기도 했습니다.,5,2017-02-01
여고시절  광주에서  전학온  유정이는  5.18에 대해  아프게  말했다. 부산에서  자란  나에게  현대사의  비극은  친구의  말로 시작되었다. 시간이 흘러  소년이  온다를  읽으며  뜨거운  눈물이  났다.잊고있던  광주 시민에게  빚진  민주주의에 대한  채무감이 소환되었다.,5,2025-01-20
한강 작가님~-노벨 문학삼 축하드립니다 대한민국 문학에 자랑이십니당 많은 사랑 받으시고 책도 잘읽을께요,5,2024-10-10
˝어떤 기억은 아물지 않습니다. 시간이 흘러 기억이 흐릿해지는게 아니라 오히려 그 기억만 남기고 다른 모든 것이 서서히 마모됩니다. 색 전구가 나가듯 세계가 어두워집니다.˝ 상처는사라지는게 아니라 물에 먹물을 떨어뜨리면 퍼져 섞여나가듯 무의식적으로 남아가는 것 같다.심장이 끈적인다.,5,2019-04-07
이 책을읽으면서 잠시도 책에서 눈을떼지 못했네요....어찌나 가슴이 아프던지 ㅜㅜ 우리 아이들이 꼭 한번쯤은 읽어봐야할 책이 아닐까 싶네요,5,2018-05-10
마주하기 두려워 망설이다 읽은 책어머니의 시점ᆢ과하지 않아서 더 아픈ᆢ가슴에 새기 듯 한 문장 한 문장 써가며 무더운 여름밤을 지났다.,5,2024-11-05
80년 광주민주항쟁의 한가운데 있었던 한 소년과 그 주변인물들의 상처를 개인적 차원에서 모던하게 그려낸 소설. 80년대 사실적이고 고발적인 성격의 소설들과 비교할 때 진일보했다. 역사는 시대에 따라 꾸준히 재해석되어야 한다는 명제를 충실하게 이행했다는 점에서 반갑다.,5,2016-06-11
수상을 축하드리며   작가님작품중 제일먼저 읽고싶은작품입니다~^^,5,2024-10-11
책을 다 읽고도 한동안 가슴이 먹먹함..,5,2015-05-02
가슴이 너무 아파서 다 읽고도 한시간을 더 울었습니다아직도 광주엔 518 버스가 다니고 5월이 되면 희생된 영혼들을 위로합니다 광주의 곳곳에 그날의 흔적이 새겨져 있습니다 그걸 폭동이라고 우기는 사람들에게 최근에나마 작가님의 수상소식으로 시원한 복수를 하게 된 것 같아 다행이에요,5,2024-11-06
"문장 하나하나가 마음이 저려서 천천히 읽고 있습니다. 좋은 소설로 노벨상을 받아서 읽을 심리적 공간을, 이유를 주셔서 감사합니다.",5,2024-10-23
처음에 몇장만 읽으려고 펼쳤다가 단숨에 읽어 내려갔다도처히 책을 덮을수가 없었다,5,2024-11-14
읽으면서 눈물을 훔치느라 몇번이나 멈췄는지 모릅니다. ㅡ,5,2025-02-28
5.18을 잊지 않고 기억하는 방법,5,2024-10-27
다시 책을 펼쳤다. 서늘한 가슴. 떨어지는 누물과 괴로움. 그럼에도 이렇게 죽어간 사람들을 잊지말자 내 두 딸에게 우리의 칼날처럼 무자비했던 역사를 꼭 이야기해야지 다짐한다.가족을 잃고 37년을 살아낸 유가족들에게 심심한 조의를 표한다.,5,2017-05-21
노벨문학상 수상을 축하합니다.,5,2024-10-11
읽는 내내 나를 고통스럽게 하고 마음을 힘들게 한다. 그에 못이겨 책장을 덮고 나면 다시금 생각이 나고 신경이 쓰여서 자세를 바로하고 눈을 똑바로 뜬 채 그날의 기억들을 읽는 방법밖엔 도리가 없다.,5,2018-08-06
36년전 이야기 그 당시 인물들과 나는 지금 함께 공존하면서 살고 있다는 것이 나를 끔찍하게 압박한다. 동호에게 총을 겨눈 자와 길거리에서 내가 사는 공간에서 아니면 지나가다 나와 부딪쳤을지도 모르는.... 5.18의 가해자들이 너무 떳떳하고 뻔뻔하게 살고 있는 이 땅이 이해되지 않는다.,5,2016-06-23
그 곳에 살고 있는 나에게 인생 책이 한 권 생겼다.,5,2018-08-16
너무 가슴이 아파서 다시 들여다보고싶지않은 마음을 다시 돌릴 수밖에 없게 만드는 글...,5,2023-07-05
글은 차분하고 덤덤한데 왜이리 슬프고 먹먹하다 하지만  현실이였고 과거였고 잊지 말아야할 이야기이다,5,2024-11-02
"책에서 방사능 피폭이라고 했던 것처럼,이런 끔찍한 일은 일어나고 나서도 끝까지 우리의 기억에 남아있을 것이다.",5,2025-01-19
관련된 어떤 영화나 기사보다도 처참하다.현실은 더욱 처참했을거라는 생각에책 표지를 보는 것만으로도 힘들어 덮어두었다.마지막엔 결국 눈물을 참을 수 없었다.,5,2025-02-03
한강 작가님의 노벨문학상 수상을 진심으로 축하드립니다.작가님의 베스터셀러를 주문하게 되어 영광입니다.열심히 독서하겠습니다..,5,2024-11-25
역사를 잊은 민족에게 미래는 없다잊지말고 기억해나가자,5,2024-10-25
꼭 기억해야하는 우리 이야기,5,2024-11-05
읽는 내내 슬픔이 꾹꾹 밀려왔다. 절대 잊지말아야 할 일을 지금도 모른척 한 이들이 있다는게 속상하다,5,2023-07-01
영원한 명작이죠. 자랑스럽습니다,5,2024-09-28
이 시대를 살아가는 대한민국 국민들은 꼭 읽었으면 좋겠습니다.,5,2024-09-30
좋은글 감사합니다.항상 응원합니다,5,2024-10-01
5.18 그날의 아픔을 나눌 수 있는 시간...,5,2016-07-16
눈이 매워지고 가슴이 답답해지고 한번에 읽을수가 없었어요.책을 내려놓고 먹먹한 가슴을 한숨으로 풀어내고 눈가에 맺히는 눈물을 쓸어내고 다시 읽어 내려갔습니다. 가해자들이 그 죄값을 치루지 않은 이상 이 아픔은 아직도 많은 의미로 되풀이 되고 있음을 피해자의 가족을 통해 보여줍니다.,5,2017-06-29
페이지를  넘길때마다 긴한숨이내가 얼마나 이 책을 이해하면서  읽은건가...,3,2015-03-05
"6장은 눈물이 나서 겨우 읽었다.역사를 잊고 있는 이들이 제발, 부디 읽어줬으면 좋겠다",5,2014-11-18
5.18 광주의 맨얼굴을 담대하게 마주했다는 것만으로도 충분한 이유가 되지 않나.,5,2014-12-02
잘 읽었어요.,5,2025-01-03
마음이 아파서 읽기 힘든 소설이다. 그런데도 읽을 수밖에 없게 만드는 힘이 있다.,5,2020-01-03
한강작가의 소년이 온다를 읽으면서 마음이 아파서 여러번 책을 닫으면서 읽었는데 이번에 노벨문학상을 받아서 나도 모르게 함성을 질렀습니다.  이번에는 여동생에게 선물하려고 샀습니다.,5,2024-11-01
좋아요,5,2024-11-14
시작부터 너무 가슴이 아프다,5,2024-11-03
‘무릎 꿇고 살기보다 서서 죽길 원한다면 먼저 가신 임들을 위해 다 같이 묵념합시다. 먼저 가신 임들을 따라 끝까지 싸웁시다.‘,5,2016-12-26
황석영과 임철우와는 다른 결로 그려낸 광주. 작가의 기품있는 감각이 빚은 애통하고 아름다운 도자같은 작품.,5,2017-06-02
감동입니다,5,2025-02-11
"굳이 정치적인 시각으로 바라보지 않더라도, 아무렇지 않은 듯 말을 꺼내도 그 무엇보다도 정치적일 수 있고 슬픔을 자아낼 수 있는 작품",5,2014-12-06
가슴아파서 못읽던책을 용기내서 읽어봅니다,5,2024-10-14
자주 울었다.,5,2014-06-26
시 쓰지 말고 소설 쓰세요. 한강님!!^^,5,2014-06-13
"﻿생각하고 또 생각해도 미어터져 흐르는 향할 곳 없는 분노, 고통과 슬픔만이 가득한 순간들에 영원히 갇혀버린 것 같은 기분. 오월을 맞아 책장을 다시 넘겨보며, 일곱 명의 그 헤아릴 수 없는 삶 속을 잠시 걸어본다.",5,2021-05-28
너무 큰 충격이었다. 나는 아무것도 몰랐구나. 이 책은 인간의 숭고함과 추악함 모두를 보여준다. 숭고함은 죽었고 추악함은 살아남았지. 너무 슬프디 슬픈 인간사여. 누가 그들을 욕할수 있나.,5,2025-03-04
책장을 덮었음에도 슬픔이 영원할것만 같다. 80년의 광주에서 스러져간 영혼들. 어찌어찌 살아 남았지만 여전히 그 순간의 고통에 머물러있는 사람들. 모두에게 깊게 박힌 상처들이 아파 눈물이 흐른다. 한강이라는 작가의 치밀한 구성과 묘사에 그 슬픔의 무게는 더 무거워진다.,5,2014-05-19
"국가에 의한 용납할 수 없는, 말도 안 되는 폭력이 불과 반 세기 전에 우리나라에서 일어났다는 사실을 계속 되뇌이게 한다(오히려 소설 속 등장인물들은 ""그런 자들을 어떻게 국가라고 할 수 있겠어""라고 하지만).",5,2024-12-29
자꾸 광주가 되살아 나는 느낌. 참혹하고 슬프나 잊지 말아야 할 역사가 너무나 많다.,4,2014-08-20
슬프지만 아름다운 이야기,5,2017-10-07
"내가 알던 5.18 광주민주화항쟁그 뒤에 숨겨진 잔인하고 괴랄한 모습들동호와 정대, 이외에도 그 날에 있던 대참사의 모든 피해자들이 ‘더이상 모욕 당하지 않도록‘절대 이 작품을 잊어서는 안된다",4,2017-02-09
"한강 작가에게 고맙다. 이런 책을 써줘서. 문학의 아름다움, 의미, 역할을 환기시켜준 책",5,2014-12-12
단순히 슬픈 책이 아닙니다. 비극을 다루는 책을 대할 때 일부러 심리적으로 거리를 두고 담담하게 읽어가려고 노력하는 편인데 중반부를 지나면서 그런 노력도 허사가 됩니다. 가슴이 미어지고 목이 뜨거워지는 것을 느끼며 읽었습니다. 아프지만 반드시 알아야 하고 읽어야 하는 책입니다.,5,2020-09-16
표지만 봐도 마음이 답답하고 아프다. 제발 더 이상 되풀이 되지 않기를. 침묵도 해결이 아닌데,5,2017-01-04
책을 사두고 이제야 시간이 나서 모두 봤다. 말이 필요없는 책. 읽고나서의 여운이 오랫동안 가시지 않았다.,5,2025-03-19
아 가슴이 너무 아프다..,4,2015-03-07
결코 잊어서는 안될 고귀한 사람들,5,2016-10-13
매년 새로운 기대를 하게 해줄 유일한 기대주,5,2018-10-17
지금 읽어야한다.잊혀져서는 안 될 끊임없이 반복될 이야기가 담겨져있다. 매일밤  다시 태어나는 악몽 속에서 우리가 기억해야할 역사가 담겨져있다.,5,2016-11-01
한강 작가가 소설을 쓰는동안 마음이 힘들었겠다.한자 한자 읽는 동안 작가의 낭독이 들리는것 같다. 작가의 말투와 글의 말투가 똑같구나,5,2025-02-04
기억한다 해놓고 거짓말이 되어 버린 다짐이 다시 생각납니다.총칼에 쓰러져간 사람들과 남겨진 사람들의 고통을 조금이나마 더 알아갑니다.,5,2020-05-30
먹먹,4,2018-11-14
광주가 온다. 내 안의 부채의식이 온다.,5,2015-05-14
"총알 박힌 흔적이 여전히 남아있는 건물을 보며, 내가 태어나기 고작 20년 전인 아빠가 중학생이었던 시절의 이야기를 들으며 자랐다. 5월이 되면 꼭 읽는 책 중 하나.",5,2021-01-16
마지막 문장을 읽어내기까지 책을 많이도 열고 닫았다.,5,2016-05-18
한강. 이제는 나뿐만 아니라 많은 사람에게 묵직한 이름,5,2016-08-16
"왜 나를 쐈지, 왜 나를 죽였냐고 묻고 싶다그들이 피 흐르는 내 눈을 볼 때까지 말이다.",5,2016-06-30
"내 아들, 내 누이 주변의 모든 사람이었을 그들에게 1980년의 5월은 무슨 의미였나?학살자는 천수를 누리며 죽었지만장례식을 치루지 못해 삶이 장례식이 된 사람들과 삶을 장례식으로 기억해줄 조차 없는 그 많은 사람들의 혼은 어떻게 되었는가?작가는 그것을 담담히, 모욕하지 않기 위해 그린다",5,2024-10-17
"운다. 계속 울고 있는 작품이어서 책을 펼치기 어려웠다. 그래, 그래도 살아 가자.",5,2025-01-11
가슴이 미어진다. 생명이 다한 이들... 생명을 끊지 못해 살아가고 있는 이들... 죽음보다 더 큰 고통을 안고 사는 이들.. 그들과 우리는 함께 살아가고 있는데 나는 전혀 그 슬픔과 고통을 나누지 않았다. 너무나 잔혹할 수 있는 사람들에 대한 두려움과 더불어 무관심한 나를 반성한다.,5,2016-06-09
노벨문학상 수상의 분위기를 타 오랜만에 재독했어요. 문장 하나하나 꼭꼭 씹어서 기억하고 싶습니다. 한강 작가의 글은 뭔가 슬프고 아프지만 아름다워요.,5,2024-12-14
고통스러워서 며칠간 야금야금 겨우 읽었다. 좋은 소설이란 역시 사람을 고통스럽게 한다...,5,2022-12-16
광주에서 일어났던 잊지 말아야 할 불편한 진실. 너무 적나라한 내용과 그것이 오래되지 않은 사실이기에 책장을 넘기는게 힘들었다. 생존자의 관점에서 또 유족의 관점에서 함께 공감하며 눈물이 나기도 했다.,5,2016-04-22
책 속 어느 화자의 말대로 영혼이 유리같은 것이라서 한번 깨져버리면 쓰지 못한다고 해도 다시 붙여주고 싶은 마음들이 있다. 영원히 불가능할 그 일을 멈추지 않을 팔과 다리들이 있다. 그 존재를 매일 매일의 삶 속에서 증명하겠다고 다짐했다.,5,2025-01-29
2014년 최고의 작품. 담담한 문체가 더 감정을 추스르기 어렵게 만든다.,5,2015-05-06
가슴 아파,5,2014-12-01
아직도 선연하다.,5,2014-12-02
개인적으로 한강 작가의 대표작으로 생각합니다.,5,2024-10-16
너무나도 강렬하여 책장을 빨리 넘겨버린.. 빨리 읽고 덮고 나서도 다시 펼쳐볼 용기가 나지 않는.. 그러나 그 여운은 진하게 오래가는 책,5,2015-12-28
시작부터 끝까지 울게되는 책,5,2016-01-24
책 읽고 울기 힘든데 말이야...읽기 힘들어서 글자 하나하나를 꾹꾹 눌러담는 느낌으로 읽었다,5,2024-05-11
"아픈 역사이지만, 꼭 기억하고 다시는 반복되지 않아야 한다는 메시지를 던지고 있다고 생각합니다.",5,2025-05-29
한강 작가님 직품 하나씩 정독하고 있습니다. 소년이 온다 꼭 읽어보시길~,5,2025-03-14
말로는 다 담지 못할 감정들을 이렇게 표현하는구나,5,2024-06-18
"읽으면서 계속 눈물을 흘렸네요! 감사합니다. 몰입해서 잘 읽었습니다. 광주, 용산, 쌍용, 세월호.. 계속 반복되는 역사를 느끼게 됩니다.",5,2015-01-30
수많은 사람들의 영혼을 갈가리 찢어 놓은 비극은 아무리 시간이 지나도 절대 지워지지 않는다. 부디 이 비극을 겪은 사람들의 영혼만이라도 조금이나마 편안해질 수 있는 시기가 오기를.,5,2017-02-04
새벽에 읽다 너무 울어서 아침까지 눈이 퉁퉁 부어있네요. 학살자들은 아직도 잘살고 그들의 후순뻘인 거짓말쟁이들이 설치고 다니는 작금이 더 슬프네요,5,2022-11-10
"진실성이 묻어나는 소설, 처음 읽을때는 소설 내용에 비해 문체가 딱딱해서 잘 읽히지 않아 잠시 책을 덮었었는데, 결국 다 읽고나서 ˝읽기 잘했다˝했던 책인데,말라파르테 문학상 수상하였다는 뉴스 듣고 얼마나 반가웠던지... 채식주의자 맨부커상에 이어 말라파르테 문학상까지..축하드려요~",5,2017-09-16
한강 작가님의 작품이라서 믿고 볼 수 있는거 같아요광주민주화운동 당시를 배경으로 이 소설을 보면서 비극적인 역사를 잊지않고 기억해야 한다는 생각이 듭니다,5,2015-11-18
내가 소년이 된 듯한... 한 명 한 명의 사연들을 눈시울 붉히며 읽어야했다.,5,2016-09-19
먹먹하다.,5,2017-09-26
이글이 과연 70년생 작가가 쓴것이 맞나 하는 생각이 들만큼 생생하게 다가온다이제는 잊혀져만가는 광주를 다시 생각하게 해주는 수작!!!!!,4,2014-12-24
역시 한강이죠,5,2023-07-13
"아.....#죽음을_넘어_시대의_어둠을_넘어 를 통해 봤던 사실에 그 지옥에 있던 사람들의 이야기를 #한강 이 들려준다.#한강 의 뛰어난 글솜씨와 어휘력에 감탄하는 마음은 사치다.담담히 글 하나 하나를 마음에 담고, 잊지 말자. 그게 내 할 일이다.대한민국을 살아가는 당신에게 권합니다.",5,2019-06-17
맘이 많이 아프다고 하던데 직접 읽으면 힘들지 않을까 걱정이지만 노벨문학상을 원본으로 읽는 영광을 누리고 싶어서요,5,2024-10-17
꼭 민주주의를 향한 염원이 성취 되길,5,2025-03-16
비유적 표현이 꽤 많이 나오는데 문제는 이게 이해하기 어려웠습니다. 쉽게 이어지다가 어느 순간 갑자기 난해한 문장들이 열거되는데 또 해석해보면 그리 거창하지도 않습니다. 이런 소설은 수능 언어영역에서 문제로 만들기엔 좋으나 독서용으로는 훨씬 좋은 책들이 많이 있으니 참고 바랍니다.,2,2020-07-11
몇권을 구매해도 아깝지 않은 책,5,2020-09-06
역사,5,2025-03-01
필독서가 되길...,5,2014-12-17
노벨상수상작품이라 미리 읽기도 해보고 여러 번 도전 중 입니다 작가의 말처럼 죽은 자가 산 자를 살린다는 사신을  현재 목격 중 입니다 대통령이라는 작자가 계엄을 하고 민주 시민들이 국회를 지키고 계엄 군에 저항하는 모습을 보면서 현재 상태가 역사는 도도히 흘려가는 강물!,5,2025-01-26
"빨간책방에서 예전 한강작가님 인터뷰를 통해 이책을 접하게 되었다. 광주민주화 운동에 대해서 진지하게 생각하며, 관련영화, 인터뷰, 영상을 찾아보았다.아직도 당시의 고통속에서 살고 있는 희생자분들을 생각하면 마음이 아파온다. 꼭 읽어보아야하는 소중한책이다.",5,2018-08-09
기억하자. 기억하자우리는 가불로 살고있다,5,2023-05-11
이 책으로 입증되는 ‘소설가의 책무‘를 생각해봅니다,5,2024-10-27
저녁 11시에 붙들고  읽기 시작해서 새벽3시쯤 다 읽기까지 책을 놓을 수 없었으며 책을 덮으며 하염없이 눈물이 나더군요.,5,2020-06-05
"다각의 시점, 하나의 고통.. 가슴아프단 말로는 표현이 안되는 먹먹한  통증이 느껴진다",4,2017-05-31
시큰하게 소중한 사람들의 이야기. 말도 안 되는 일이 버젓이 이루어진 후의 아릿한 쓰림.,4,2017-08-13
한강작가의 글은 아름답고 슬프고 동시에 강한 힘이 느껴집니다,5,2018-12-16
읽기 고통스럽지만 우리의 미래를 위해 남겨두어야 할 소설입니다. 문학적 완성도도 매우 높아 한강이 왜 노벨문학상을 받았는지 납득이 갑니다.,5,2025-02-12
국어 쌤이 추천해 주셔서 읽었다. 나는 5.18 민주화운동을 수업으로 밖에 못들었다. 이를 읽음으로써 난 더 우리나라 근현대 역사에 더 한발짝 다가간 기분이다. 중간중간 울컥하는 부분도 있었다. 가슴 아프고 분이 나는 다양한 감정을 내포한 책이다.,4,2023-07-21
다시 읽어도 좋다,5,2016-09-30
아주 사실적인 문체와 내용.. 영혼과 몸이 자유로운.. 아픈 통증이 느껴지는 글..,5,2016-08-01
"흔해빠진 표현이지만, 감정의 절제로 격한 감정을 드러낸 책. 그 때문에 계속 읽기 힘들지만 계속 읽어야만 하는 사명감을 독자에게 부여한다.",4,2019-01-02
그 남매는 어디로 사라졌을까,3,2016-01-07
너무 많은 피를 흘리지 않았습니까 어떻게 그 피를 그냥 덮으란 말입니까,5,2024-10-31
역사는 다른얼굴을하고 결국은 반복된다 현시국도  일종의 정신적인 학살이  아닐까아픈역사를잊지말고 현실을 외면하지 말고 똑바로바라보자 촛불을 밝히자,5,2016-11-15
5.18 민주화 운동 당시의 상황을 묘사한 책.,5,2016-11-27
잊어서는 안 되는 역사에 대한 문학적 대응이 어떤 방향으로 나아가야 하는지 보여준 작품이었습니다.,5,2014-12-18
"문체의 아름다움은 물론, 시대의 슬픔도 더이상의 표현이 힘들것 같을 정도로 잘 표현한 최고의 작품. 최고중의 최고.",5,2019-10-16
"펼치기 주저했고, 역시 많이 울었고, 포기하려던 삶에 다시 한 번 주먹을 꼭 쥡니다.숨을 쉬어봅니다.",5,2020-08-08
기억을 소환하는 방식에 있어서 정말 탁월한 연출과 전개방식이 돋보이는 한강의 소설. 정말 가슴 아린 기억의 소환! #소년이_온다,5,2020-01-13
노벨상 수상 축하합니다,5,2024-10-11
"5.18일마다 매년 잊지말고 읽어봐야할 책,",5,2020-07-06
마음이 너무나 아렸습니다. 절대 잊지못할 아니 잊지말아야할 과거사. 가슴 깊이 새겨봅니다.,4,2014-10-13
"절제된 시각으로 관찰카메라로 주인공을 보는 듯한 3인칭 화법이나, 1인칭의 덤덤한 시점으로 너무 선현한걸, 처참함을 담담하게 그려나가는 한강작가에게 훌륭한 역사소설을 남겨주어서 감사를 전하고 싶다. 담담하지만 현장감과 역동성이 독자에게 그대로 전달된다.",5,2020-12-02
읽기 힘든 책이지만 이 책이 많은 사람들에게 읽혀졌으면 좋겠습니다. 숭고한 영혼들을 기억하는 사람들이 많아지고 미약한 희망과 양심을 가슴에 품는 사람들이 많아지면 좋겠습니다.,5,2025-06-15
"노벨문학상 수상으로 알게된 책, 많은 것을 내포하고 있고 너무 늦게 읽은 것을 반성하게 한다.!",5,2025-01-20
"소설 덮자마자 든 생각은 박정희 전두환 이 두 명은 부관참시 문화를 부활시켜서 실행해야 된다는 것이었다..희생자 N명, 숫자로 말해져왔던 개개인의 삶을 일일이 호명하고 있는 이 소설은 진정한 애도를 통한 이별의 중요성을 알게 해준다.",5,2022-11-09
남겨진 이들이 안고 살아가야 하는 상흔에 대해 생각한다. 그리고 내가 더 넘어가지 못했던 다른 삶의 경계선에 대해서도 생각한다. 읽어나가는 내내 괴로웠고 읽으면서 이렇게 많이 눈물이 났던 적도 처음이다.이제 더이상 피하지 않으리라. 넘어가지 않은 많은 삶의 경계선 너머를 기웃거리리라.,5,2025-01-05
힘들게 읽었다. 마음 아프고 울었다,5,2022-12-31
관점의 차이.17.01.27,5,2017-07-02
｀그 순간 네가 날 살렸어. 삽시간에 내 피를 끓게 해 펄펄 되살게 했어. 심장이 터질것 같은 고통의 힘. 분노의 힘으로｀,5,2016-04-04
"단숨에 읽었습니다. 문학적 상상력으로 아픔을 전달하는 놀라운 필체와 플롯, 그리고 문체에 오랜만에 소설의 힘을 느꼈습니다. 읽고 많이 울었습니다.",5,2014-12-19
누군가에게 책을 선물한다면 고민할것도 없이 소년이 온다를 선택 할 것이다,5,2020-06-02
"마음이 납덩이처럼 무거워져 심장이 느껴지는 소설. 눈물이 펑펑 쏟아질 정도로 아파 빠르게 읽기 힘든 소설. 읽으면서 너무 힘들어 두 번은 못 읽겠다 싶지만, 다 읽고나면 살아있는 동호가 보고싶어 처음부터 다시 읽고 싶은 소설. 다시 펼친 순간 요구르트를 찾는 동호 모습에 눈 앞이 흐려진다.",5,2024-10-14
"5.18 민주화운동을 잘 그려낸 소설... 한강 작가의 작품을 좋아하지는 않지만 우리나라 사람이라면, 그 고통의 시대를 겪지 않은 사람이라면  꼭 읽어보아야 할 소설이다.",5,2018-05-23
처참함과 참담함이 담담함으로 다가옵니다.우리가 꼭 알아야 할 이야기!,5,2016-02-15
역사를 잊은 민족에게 미래는 없다,5,2025-04-07
읽는 내내 소름끼쳐고 중간중간 눈물이 났다. 내가 경험해 본 세대는 아니지만 마음이 뜨거워지는 소설이다.,5,2020-05-25
"민주주의를 위해 희생한 사람들은 우리 주변에 있을 법한 학생, 동네누나, 대학교를 다니던 형들이었다.지식인과 능력있는 자들이 쟁취한 결과물이 절대 아니며, 80년 5월 18일의 역사적 운동을 두고 여전히 정치적으로 악용, 망자비난들을 해대는 사실들을 살펴보면...참담하다는 생각도 들게 만든다",5,2020-07-12
다들 꼭 봤으면 하는 소설,5,2019-12-27
민주주의는 피를 먹고 자란다는 말이 떠오르네요ㅠㅠㅠㅠ,5,2021-04-19
알라딘 댓글만큼은 일베들이 침투하지 않기를 바란다.,5,2016-05-25
"조금씩 조금씩 아껴가며 읽었다. 단숨에 읽어 내릴 수 있었지만 그렇게 하는것이 동호 정대 정미누나 진수형 선주누나 은숙누나 동호의 엄마, 그때 열흘여동안 광주에서 역사의 현장에서 피흘리며 스러져간 아무 죄를 짓지 않은 국민들에게 그 아픔과 고통을 안고 살아갔을 우리의 이웃에 미안해서....",5,2025-01-01
집중해서 쭈욱 읽기가 힘들었습니다. 힘든 소설이었습니다. 그렇게 잘 쓰신거겠죠. ㅠㅠ,5,2024-11-22
"한편의 다큐멘터리를 보는듯한....그런 증언소설이었습니다.주인공이 여럿인데 슬프기도 했고, 가슴한켠 연민이 일었습니다.한번 책을 읽기 시작하면서 쉼없이 숙독했습니다.역시 노벨문학상에 빛날 만큼, 인간 트라우마에 대해 서술됐네요.우리나라 한글로 읽게되다니, 정말 영광입니다",5,2024-10-28
모두가 읽어봐야하는 책,5,2014-09-15
도서관에 아이책 빌리러 갔다가.. 내용도 모르고 꺼내 들어왔던건데.. 광주의 이야기라 알고 있었다면 읽지 않았을겁니다 그 슬픔의 무게를 당해내지 못할 것 같아서.. 하지만 깨달았습니다  꼭 기억해야 한다는것을.. 오늘 아이가 오면 광주의 슬픔을 이야기 해주어야겠습니다,5,2021-08-24
읽고서 정말 먹먹해지는 기분이었습니다. 하지만 꼭 읽어봐야 할 책이기도 한 것 같아요. 추천 드립니다.,5,2016-07-07
고등학교 교과과정 필독서가 되어야 한다.,4,2025-02-23
한 개인에게 있어서 역사란 이렇듯 처절하리만큼 아픔으로 기억될 수 있다는 것을 깨닫게 되었다. 그리고 그 시대를 온전히 공유하지 못한 나 자신을 많이 자책한 시간이기도 하다. 아프다. 생각할 수록 아프다...,5,2017-03-19
"기억해야 하는 시간, 잊을 수 없는 이름들.",5,2020-11-23
잊지 않겠습니다. 감사합니다.,5,2017-10-03
과연 나는 그 때 어디서 무엇을 했는지...그들이 그렇게 스러져 갔을 때 나는 도대체 무엇이었는지...,5,2014-08-01
그냥 기계적으로 글자만 읽어내려갔음한국문학은 도저히 맞지않는구나 한국문학 안녕~~,2,2019-07-03
노벨상과 비상계엄이라니… 우리는 과거에서 배우고 현재를 바로보는 법으로 또 이겨나갈겁니다,5,2025-01-13
응원합니당,5,2024-09-24
저는 채식주의자 보다는 소년이온다가 너무 좋았습니다 마음이 아팠고 읽고있는 내내 저를 광주 한복판으로 데려다 놓는 한강작가님의 필역에 감탄을 금치 못했습니다. 너무 좋았습니다.,5,2024-11-19
"글이 어떻게 시대의 아픔을 대변할 수 있는가를 시적 언어로 보여준 책이다.우리 모두가 공감해야 할, 엄연히 현존하고 있는 역사임을 다시 한번 일깨워준 한강작가님.감사합니다.",5,2024-11-02
인간의 다면성과 인간성을 지키며 사는것에 대한 깊은 성찰을 하게 하는 여운이 깊은 책이다,5,2025-02-13
"여름밤을 좋아했던 동호는 시인이 되었을까.
슬프고 안타까운 그 시간들이 흐르고 흘러도 아물지 않는다.",5,2015-05-25
518이 내일이네요... 오늘 내일 읽고픈데 알라딘 배송이 너무 느려서ㅠ 사려다가 그냥 리디북스에서 한강 작가님 <채식주의자>랑 <소년이 온다>까지 구입했어요. 포인트 받으면 싸게 살 수 있더라고요. 알라딘 인기작은 배송이 너무 오래 걸리네요ㅠ 이럴 땐 전자책이 나은듯..,5,2016-05-18
가슴을 울리는 글 감사합니다,5,2024-10-24
나를 다시금 책을 읽을 수 있게 만들었던 그 책.음성으로 읽어나가며 한자한자 집중하였던 그 책.나도 모르게 울컥하여 눈물을 흘리게 하였던 그 책.그래서 잊을 수도 잊어버려서도 안되는 그 책.우리는 그날을 잊지말아야한다.,4,2023-07-18
딸 책꽂이에서 찾아 내 읽었다. 가슴이 먹먹했다.,5,2024-10-24
술술 읽혀내려간 소설. 광주 민주화 운동이 얼마나 잔인하고 참혹했는지 몸소 느낄 수 있었음.,5,2021-12-20
이야기의 서술방식이 새로웠다. 광주 민주항쟁을 너무 무겁지 않게 접할 수 있는 소설이 아닌가 싶다.,5,2016-08-26
한 소년을 관통한 총알은 44년이 지난 후 이 책을 통해 나에게 도달했다. 총알은 차갑게 식었지만 남아있는 소년의 흔적은 온기를 품고 있었다.,5,2024-10-26
"2014년 11월 도서대란때 구입한 16권의 책중에 무심코 가장 처음으로 꺼내들고 읽었다.후회 했다.  가벼운 마음으로 읽고 싶었는데, 책장을 넘기는게 너무나 힘든 책이었다. 아프고 아프고.. 너무나도 아픈 .. 광주를 다룬 다른 책에서는 분노를 먼저 느꼈는데 이 책은 너무 아팠다.",5,2015-01-01
노벨문학상 수상을 축하합니다.이 책도 더 널리 알려지길,5,2024-10-12
고통을 피부에 오롯이 새기며 숨죽여가며 읽은책가슴속 저 밑바닥에서 올라오는 분노에 차마 한번에 읽지도 못한 책그러나 영원히 잊지말아야 할 기억잊지않겠습니다,5,2024-11-16
응원합니다,3,2024-09-17
활자만으로도 미치도록 시리고 죄책감에 휩싸인다. 하지만 눈을 뜨고 읽어내야한다. 진실을 마주해야 한다. 그들이 겪은 꿈같은 생시에 비하면 먼지같은 노력이지 않은가.,5,2019-12-03
역사는 반복된다 <소년이 온다> 읽어야 할 때,5,2024-12-09
"어제 새벽에 읽었어요. 이 작품이 우리나라 최고의 작품이냐고 묻는다면 그건 아니지만, 이라 대답하겠지만 읽어야 하는 작품이냐? 라고 묻는다면 “후회하지 않을 작품“이라 답하겠어요. 동호의 형님의 소망이 이루어진 작품입니다.",5,2024-12-07
책을 본지 오래 되었는데 ᆢ인생에 잠시 쉬는 기간이 생겨서ᆢ 도서관에 조용히 읽는 동안ᆢ 눈물를 흘리며 숨죽여 읽었습니다겪지 못한 일이지만 아프네요 ᆢ화도 나고  ᆢ한강님 착들 열심히 보고 있습니다,5,2024-12-12
작년 무더운 여름을 나면서 읽기 시작했습니다. 첫 문단부터 뜨거운 여름 열기와 더불어 숨이 막히고 ....  가슴이 먹먹해서 읽기를 몇번 중단했던 책인데....    올 해 노벨문학상 소식을 접하고 다시 읽기를 반복하면서 역사의 비극 속에서 목숨을 바치신 분들의 평안을 빕니다. 이런 비극이 다시는,5,2024-11-27
노골적으로 현실적인 문제를 덤덤하게 서술하고 있음죽음에 대해서도 생각해보게 만든다,5,2024-11-08
대신 울어주는 작가님,5,2025-02-18
우리의 아픈 역사를 잊지않고 되새겨보는 시간이 된듯 합니다 ~,5,2025-01-17
"세번째,소년이 온다.동호의 이름만 떠올리면 눈물이 나 책을 읽을 수 없었다.동호야~엄마랑 집에 가.집에 가..제발 가 라고 외쳐도 결말을 알기에 눈물이 마르지 않았다.나는 작가도 아닌데 악몽을 꾼 듯 자면서도 여러번 깨어 이게 현실인가 했다.당분간은 다시 읽을 수 없을 듯 하다.",5,2024-10-19
예전에 읽었지만 읽으면서 너무 가슴 아팠지만 다시 읽어 보려 합니다 한강 작가님 노벨상 수상 축하드립니다,5,2024-10-16
정치 외면하지 않기. 바른정치에 관심갖는 국민이 많아져야 이런 비극을 막을 수 있다,5,2024-10-28
"잊으면 안 되는 기억들, 시간들, 사건들.책을 읽기 시작하고 마지막 장을 덮을 때까지 마음이 많이 아플 거에요. 계속 생각날 거고, 분노할 겁니다.그 사건을 똑바로 쳐다보기가 힘들다고 잊거나 지나쳐서는 안 된다고 생각해요.읽어주세요.. 모두가 알아야 해요.",5,2019-04-11
응원합니다,2,2024-09-18
읽고싶네요,5,2024-09-28
훌륭한 소설입니다.,5,2015-04-27
"아직도 무거운 현실이 거기 그대로 있고.소년이라는 존재를 일깨워 그동안은.어른들의, 시민들의일,이라고만 여겨져더욱 가벼이 여기던 것을 한층 깊이있게 잡아준 듯해서 ...",5,2014-12-16
아직 끝나지 않은 광주를 통해 한국사의 비극을 적나라하고 가슴 먹먹하게 재현했다.,5,2015-05-12
그냥 읽어보세요 다른 말이 필요없엉,5,2014-05-19
노벨상 작품 1권은 소유~,5,2025-01-07
"무거운 마음이 가득했지만, 생각거리를 한없이 던져준 좋은 책.",5,2014-12-14
우린 아직 그 소년을 잊어서는 안 된다.,5,2014-12-04
읽는 내내 가슴이 먹먹했고 너무 생생했다.,5,2018-06-16
한강의 눈물. 발자국.,5,2014-12-09
감히 평점조차 매길 수가 없습니다. 겉으로 눈물이 흘러내리기 보단 온 마음과 온 몸으로 울게 하는 책입니다. 우리 모두가 꼭 기억해야할 소설이 아닌 과거의 아픈 기록입니다.,5,2014-09-02
선악의 구도가 아니다. 이름 없이 사라진 불꽃들의 이야기다. 가슴이 아리고 안따까운 한숨이 계속난다.한강의 섬세한 문체로 그 아픔이 더해진다.,4,2015-08-18
잊지 말야야 할 것들을 잊지 않게 해주는 이야기들. 고맙습니다.,5,2014-12-01
가슴이 먹먹한책,5,2016-04-26
"그 시절의 소년, 그 소년이 내게로 온다. 난 뭐라 말해줘야 할까? 눈물밖에 나오는 게 없는데...",5,2014-12-03
책을�읽고�하루 종일�휘청거렸다.,5,2025-01-07
달은 밤의 눈동자라고 했다.,4,2019-09-26
관심이 없던 사람들도 이런 기회에 한번쯤은 찾아서 읽어보면 좋을 책,5,2016-04-23
"눈에 보이는 것과 라디오에서 뱉는 것이 다름을 알았을 때 국가는, 아니 욕심 큰 특정 집단은 거대한 폭력집단일 수 있음을 알았다. 그 때 라디오에서 뱉어진 말을 그대로 믿은 사람들이 아마도 훨씬 많으리라. 라디오는 그랬었다. 광주는 폭도들이, 간첩들이, 불순분자들이 점거하고 있노라고.",5,2015-06-21
"공교롭게도 가장 아팠던 시대, 그러나 과거이기만 할 그 시대가 2014년도에서 그대로 재현되었다. 2014년은 아픈 사람들이 많았다. 소년이 오고 소년이 가고 우리는 갈 길이 멀다",5,2014-12-08
가슴아픈 역사...내가 이 땅에 자유를 누리며 살고 있는 이유를 말해주는 소설...,5,2014-12-05
많이 읽고 많이 생각해야 할 책.. 작금의 세태를 보면 더더욱이..,5,2014-07-07
내가 알고 있다고 생각했던 일들이 실은 전혀 그렇지 않았음을 깨닫게 해준 소설. 오랫동안 잊혀지지 않을 소설입니다. 작가님께 많이 감사했습니다.,5,2014-12-10
우리 아파트 단지옆에 공공도서관이 들어섰다.소년이 온다 와 모방범을 대출했다소년이 온다는 책이 출간 되었을때부터 읽고 싶었는데 지금에야 읽게 되버렸다.추석연휴가 길기도 했지만 읽는내내 힘들어서 책을 덮고  읽는것을 자주 멈추게 되었다. 과거의 어두움과 밝음을 모두 뛰어넘어 현재의 내가 존재하지만 그 안을 속속들이 들여다본적도 깊이 생각해본적도 많지 않은 것 같다. 내 삶조차 내맘대로 되지 않아 힘들때가 많은데 다른이의 슬픔까지 껴안아줄 여유가 없는건지~~성당에가면 늘 타인을 위해 기도하라고한다.나는  우리 세대를 위해 한걸음 앞장서 걸었던 그들의 희생을 얼마나 소중히 여기고 아파했을까?역사를 되돌아보면 늘 그 모든 아픔을 짊어지고간 이들이 있다.딱히 그 무거운 짐을 누가 지어주지 않았는데 말이다.그래서 다시 한번 더 생각하게해준 이 책이 또 고마워진다~~,5,2015-09-30
실제 일어났던 광주사태를 바탕으로 쓴 내용이라 더욱 마음속에 와 닿고... 시간 가는줄 모르고 읽을듯 하네요. 채식주의자와 함께 소장하시면 좋을듯해요,5,2016-05-31
슬픔을 넘어서 아름답다.우리 모두 침묵할때 외롭게 외쳐대던 1980년의 광주를 잊지 말기로 하자.,5,2014-12-01
"이번에 알라딘에서 다신 소장본 구입하지 않기로 마음 먹었다. 무려 2번이나 교환을 했는데도 오늘 받은 책 상태는 영 아니다. 각 페이지가 엉겨붙어 있어 칼로 일일이 잘라야 했다. 책 겉면은 실오라기 풀어진 것마냥 지저분다. 덕분에 구겨짐, 표지 긁힘 등 각양각색의 불량품을 다채롭게 경험했다.",3,2020-05-19
읽자마자 선물하게 됐다.,5,2014-06-07
오랜만에 표지를 다시 보는데 안개꽃이 참 사람을 먹먹하게 만든다.,5,2014-12-11
정말 대단한 책입니다. 그 상황 속에 있었던 사람들의 삶과 아픔을 이토록 절실하게 느낄수있게해준 작가님에게감사하게되네요... 정말정말 추천합니다. 꼭 읽어보세요,5,2015-01-26
한번에 읽을수 없는 책이었다. 가슴 먹먹함에 몇 번을 쉬었다 읽었는지. . .,5,2014-12-15
80년 5월 광주라는 한 번의 '사건'이 그것을 경험한 사람들의 영혼에 얼마나 큰 상흔을 남겼는지를 고통스러우리만치 절절하게 묘사한 작품이다.,5,2014-12-01
"그날 광주에서 있었던 일은, 지금 우리에게 무엇이 되었나?",4,2015-03-18
상처는 끄집어내놓아야한다  숨기면 그들만이 좋아할 뿐히틀러 와 전두환아이히만 과 정호용 또는 생각을 거부한 군인들역사는 그들과 화해할 것인가처단할것인가,5,2015-01-14
16세 동호를 통해 본 광주민주화운동의 실상들...동족에 만행을 저지른 자들이 아직도 뻔뻔스럽게 살아있다는게 한심한 이 나라의 현실,5,2016-05-30
"사전 지식 없이 그저 ｀한강｀이라는 작가만 보고 구입해서 읽었다. 뒤통수를 맞은 기분이었다. 그저 지금은 설명할 어휘가 부족하다. 먹먹하고, 가슴아프다.",5,2014-05-22
내가 어둠속에 묻어둔 일들을 차분히 꺼내주었다. 참혹한 일들을 처연하게 바라보며 그건 어제의 일이 아니라 오늘의 일이며 아직도 정리되지 않은 내일의 일이었다.,5,2014-11-29
동호야......,4,2018-09-04
5.18은 우리에게 영원한 상처로 남아있다. 책을 읽고 또 한번 상처가 치유되지 않고 피가 철철 흐르고 있음을 느끼게 되었다. 이 상처는 다 나아도 커다란 흉터를 가지고 있게 될것이다.,5,2016-08-18
"올해의 책, 단 하나의.",5,2014-12-02
그냥 최고,5,2014-12-11
최고.,5,2015-01-10
노벨수상작이라고 다 명작은 아니다. 역사적 사실 자체가 왜곡된 소설이다. 작가는 공부를 하지않고 집필하는 것으로 보인다.,1,2024-10-17
소설은 담담하게 읽었는데 에필로그를 읽다보니 눈물이 주르르 흐른다.,4,2015-02-22
한강의 문장. 아프지만 놓을 수가 없다.,5,2014-12-18
"묵념…광주의 참상…이보디 자세할 수 없으리라. 하지만,책은 지루한 감이 있다.",3,2024-11-05
처참했던 1980년 5월의 광주..두껍지 않은 책이지만 글이 주는 무게감은 대하소설 못지않다.,5,2015-02-02
"나에게 마냥 설렜던 봄이 누군가에게는 해마다 찾아오는 슬픔인 걸 몰랐습니다. 아니 알려고 하지 않았고, 어쩌면 모른척 했을지도 모르겠습니다. 다가오는 5월의 슬픔들을 기억합니다.",5,2015-04-23
전자책으로 재구매,5,2024-10-21
사실 잘 안 읽혀서 읽기까지 시간이 좀 걸렸어요 그런데 다 읽고나니 읽길 잘했다는 생각이 드네요. 건조하고 담담하게 진행되는데 읽는 입장에선 그렇게 느껴지지 않음,4,2018-11-06
"인간이 얼마나 악해질 수 있는지, 또 얼마나 숭고할 수 있는지 보여주는 책입니다. 살다보면 수많은 일들이 일어나지만 어떤 사건은 반드시 기억되어야 하고 절대 잊혀져서는안됩니다. 한강작가님에게 참 고마운 소설이었어요.",5,2015-10-25
눈물이 흘렀다,5,2014-12-02
오열하게 만든 책!! 작가님께 감사함을 느끼는 책!!,4,2015-08-06
제목의 의미광주시청 앞 분수한강 작가와의 이야기,4,2017-09-17
아직 우리에게 희망이 있다는 것을 보여주는 책,5,2015-05-15
"이 글에는 스포일러가 포함되어 있습니다. 보시겠습니까?
                                회색 영역을 클릭하면 내용을 확인할 수 있습니다.",5,2015-02-11
때론 담담하게 때론 적나라하게 풀어낸 그날의 광주,4,2016-04-02
왜 발포 책임자는 아직도 숨을 쉬고 있는가...........,5,2014-11-24
잊혀진 5.18의 기억을 되살린 책 마지막장을 덮는데 나도 모르게 눈물이 주르륵 흘렀다,5,2014-12-04
꼭 읽어야 한다. 그 날을 담담한 듯 그러나 세심하게 표현하였다. 꼭 읽고 그 날을 기억하자. 거짓된 정보와 거짓된 언론에 속지말고.,5,2015-05-12
소년이 왔어요. 소년이 왔습니다. 그러면 된겁니다. 더이상 소년이 왔는데 무슨 말이 필요할까요..,5,2025-04-23
우리의 가슴 아픈 역사를 다시한번 생각하게 만드는 책이었다.100% 픽션이 아니라서 더욱 가슴아프고 마음 아파서 한동안  너무 아팠던 책이었다.,5,2014-12-09
서늘하고 시리고 춥고 아프다. 시를 쓰는 작가가 써서 다행이다. 다시 읽어야 겠다 다시 읽지 못할 것 같다.,4,2018-01-10
훌륭한 책,5,2021-05-27
문장 하나하나가 다 생생하고 절절하다. 한강의 소설은 눈으로 읽는 게 아니라 온몸으로 읽는 것 같아 한번에 많이 읽을 수가 없다. 그럼에도 불구하고 끝까지 읽게되는 마법같은 소설.,5,2014-11-24
꼭 읽어보세요.,5,2017-04-27
축하드립니다 ^^♡♡♡,5,2024-10-13
나는 이 책을 보고 518의 아픔을 더욱 더욱 크게 느꼈다.,5,2016-05-22
이런 시절이라서 더 마음에 와닿는 부분들이 있네요.,5,2024-10-16
강추합니다,5,2025-01-03
"아프지만 꾸준한 응시가 아름다운 작품.내가 좋아하는 한강, 그녀의 응시가 아름답다고 늘 생각한다.",5,2014-12-14
한국 현대사에서 광주민주항쟁을 떠올리면 늘 마음 한 켠이 아려온다. 그 동안 이를 소재로 한 문학자품들은 많았지만 등장 인물을 통해 작가가 말하고자 하는 방법이 독특해서 투표를 한다.,5,2014-12-10
먹먹하다,5,2020-02-26
잘 읽겠습니다. 기대되네요,5,2024-10-18
독서경험이 아닌 체험 그 자체가 되어버린 소설,5,2014-12-09
품절인데 재출간해주세요. 노벨문학상과 관련된 굿즈가 나왔으면 좋겠어요. 최초의 한국작가의 수상 이잖아요. 노벨메달 구슬문진을 제작해주세요.대박일거에요.,5,2024-10-19
"작가의 담담한 문투에 속아 담담히 읽다가, 결국 책을 내려놓고 많이 울었다. 한번 터진 눈물은 좀체로 멈추지 않아 결국 한번에 다 읽지 못하고 결국 200페이지 남짓 되는 이 얇은 책을 이틀에 나눠읽었다.",4,2014-11-19
추천으로 끝나느게 아니라 구입해서 선물하는 책!,5,2018-11-16
"교과서로만 보았던 역사를 간접적으로나마 경험한다.그 시대 사람들이 얼마나 아프고, 힘들었는지를.이 책을 읽고 알았다. 내가 참 많이 우리 역사를, 아픔을 몰랐구나.",5,2015-01-08
돌아보게 한다,5,2014-12-25
이제껏 미루고 미루다가 마음을 굳게 먹고 드디어 읽었습니다. 도서관에서 빌려서 읽었는데 꼭 소장하고픈 책입니다.마음이 너무 아파서 다시 읽지 않더라도요.,5,2016-01-10
광주의 아픔이 담담한듯 사무치게 느껴진다,5,2014-12-06
강추합니다,5,2025-01-03
내용도 슬프지만 아름답습니다. 요즘 소설에서는 보기드물게 감동을 안겨줍니다. 게다가 문장 또한 훌륭합니다.,5,2014-12-01
"˝우리는 동물이 되어서는 안된다˝ ([이것이 인간인가])인간이 되기 위해, 결과적으로 겪어야 했던 일들이 죽음이거나 평생의 고통이다.이제 그들과 그 가족들은 ˝꽃 핀 쪽으로˝ 가야 한다. 하지만 우리는 어디로 가야 할까?",5,2016-07-13
"여름날 가족끼리 평상에 둘러 앉아 쪼개놓은 수박을 베어물면서 웃음꽃 피우던 그 가족의 소소한 행복을, 찬물에 밥말아 먹으면서도 언젠가는 의대생이 되겠다던 여공의 꿈을, 여름은 싫지만 여름밤은 좋다던 소년을 보며 시인이 되려나 흡족해하던 어미의 가슴을 도려낸 이들은 누구인가.",5,2025-01-19
굳이알아서 맘아프고싶지않지만꼭 읽고 알아야하는 것이이책에있다,5,2015-09-15
소설이 나온 시점이 의미심장하다. 시뻘건 폭력이 난무했던 그때와 시꺼먼 물이 덮쳐오는 지금이 별반 다를 게 없어 보인다. 소설을 통해 그때를 아주 조금이나마 경험한 느낌이다. 세월이 흘러도 잊혀서는 안 되는 역사의 한 조각이 내 안에 묵직하게 들어앉았다.,5,2014-07-31
"책을 내려 놓고 통곡하길 몇번이던가..가슴이 너무 아파 한번에 다 읽지를 못했다.너무 담담하게 절제된 문장으로 써 내려간 글 때문에 더 가슴이 먹먹하고 아팠더랬다.꼭, 읽어보길.. 대한민국 사람이라면..",5,2014-11-22
"가슴 아프지만, 꼭 읽어야할 책",5,2014-12-02
오월의 광주에는 아직도 소년이 온다,5,2025-01-07
강추합니다,5,2025-01-03
한강이란 작가를 내게 각인시켜준 작품,5,2015-05-08
당신의 5월이 달라진다,5,2014-12-08
소설을 의무감으로 쓸 필요는 없다.,2,2021-12-11
"80년 5월 27일, 계엄군에게 죽임을 당한 소년과 살아남은 이들의 고통에 관한 이야기. 검열관이 서 선생의 희곡에서 맘에 안 드는 부분을 통째로 먹칠을 했는데, 나는 어느 문장 하나 허투루 읽을 수 없어 통째로 밑줄을 그어가며 읽었다. 그들의 희생과 고통에 마음이 참 아프다.",5,2017-03-24
음.... 이건 너무 슬픈것 같아요,5,2016-04-13
한 번 열어 멈출 수 없는 이야기들. 묵직하게 다가온다,5,2015-02-28
"오늘이 518이네요. 
첫 장을 넘길 때부터 눈물이 가득 담기게 만든.. 그 눈물조차 죄스럽게 느껴지는.. 강추합니다.",5,2015-05-18
역사왜곡을 소설이라는 수단으로 교묘하게 잘 포장하시네요,1,2025-03-26
재밌어요.,5,2015-10-17
"나에게 이 책은 이렇게 인기가 많기 전, 읽다가 중도에 포기한 책. 하지만 다시 집어들어야하는 책임감이 드는 책",5,2017-09-01
책을 읽으며... 고통받은 이들은 참혹하게 죽어갔는데... 고통을 준 이들은 어찌 살고 있을지... 진심으로 궁금해 졌다. 잊지 말아야한다 그들의 아픔을... 그들의 슬픔을...,5,2016-05-30
"두고두고 아프다, 는 말 이외에 또 어떤 표현이 필요할지",5,2014-12-07
한강의 담담한 문체로 써내려간 그날의 이야기.,5,2015-05-21
동호야...동호야...,5,2017-05-23
마지막 에필로그에서 눈물이....,5,2014-12-03
광주에 대해 쓴 수많은 책들 중 으뜸!,5,2014-11-30
한글판 독서가능 영광이에요,5,2024-11-26
"단숨에 읽을수 있었지만, 읽을 수 없었다글이 간결하고 또렷했고 무엇보다 술술 읽혔지만그래서 더욱 힘들었다이 타이밍에 이렇게 읽을수있어 감사한 책",5,2015-05-22
잔인합니다. 책이 참 잔인해요. 이게 사람이 할 짓인가 싶기도 하고 참 여러 생각이 드는 책입니다. 챕터마다 화자가 바뀌는 방식이 참 마음에 들었습니다. 다양한 사람들의 입장과 시선에서 바라보는 그 시절...그 시대에 살아본 적도 없지만 참 책을 읽고 나면 기분이 거시기합니다.,5,2022-06-07
초반이 조금 지루하지만 마지막을 읽어야 앞에 내용들을 잘 이해하게 됨..기억에 남는 문장은 꽃 핀 쪽으로 가라는 아리고 어린 따듯한 마음이 남는다.,4,2024-12-30
말은 칼보다 강하다는 것처럼책을 놓는 그 순간까지 여운이 남았습니다,5,2025-05-31
내일이  518 입니다. 봐야죠. 젊은 새대일수록 더욱더.,5,2016-05-17
한글이 원서라니! 원서를 읽을 수 있음이 좋음. 아름다운 문체와 긴 여운.,5,2021-05-15
가슴이 아려오는 슬픔,5,2025-05-28
과연 내공이란 이런 것이다....너무 가슴이 먹먹해서 소주한잔 한다!!!,5,2017-07-08
"차마 단숨에 읽어 낼 수 없어도 기어코 읽어내야 하는, 고통으로 기억해야 하는 그 시절.",5,2015-03-16
가슴이 아프다.,5,2017-11-06
"표지도 열기 전, 뒤표지에 실려 있는 신형철이라는 문학평론가의 추천사 중 파울 첼란이니 쁘리모 레비니 하는 대목은 홀든 콜필드의 목소리를 빌리자면 정말 토나오려고 하네요.",5,2022-07-17
대단한 작가님! 너무 멋집니다. 노벨문학상이라뇨. 작가님의 책을 꼭 챙겨보겠습니다.,5,2024-10-11
세계문학전집 시리즈에 포함돼도 손색이 없는 책,5,2021-11-11
5�18 민주화운동 지워지지않는 역사의 한페이지훗날 자손까지도 회자되는 이야기,4,2025-05-16
많이 아프네요 내용이,5,2021-11-19
2010년 이후 최고의 소설!,5,2015-05-01
"5.18 광주의 이야기. 읽고나면 가슴 한 구석이 먹먹해지는 책.자기 전책을 펼쳤는데,마지막 페이지는 기여코 넘기고야 마는...",5,2014-12-13
고통과 슬픔은.. 이제 혼이 되어 우리에게 다가왔다.우리가 잊지 말아야 할 그들의 마음을 담은 책.,5,2017-03-02
우리가 꼭 알아야 할 이야기..,5,2016-04-07
읽고 나서 한참동안 다른 책을 볼 수가 없었다.,5,2014-12-02
소년이 온다를 먼저 읽기 잘한것 같습니다.덕분에 작가님을 알게 된거 같아요,5,2024-10-30
독서가 고통이 된다,3,2024-11-09
먹먹하다 한강이라면 광주를 이렇게 그려낼 수도 있구나.,5,2014-12-11
문장 좋다…,5,2024-10-17
어렴풋해져가는 과거의 슬픈 역사가 지금 내 주변의 이야기처럼 생생하게 가슴을 친다. 저자의 단단한 문체가 좋다.,5,2015-05-14
그야말로 올해의 책,5,2014-12-11
꼭 한권의 책으로 읽고 느끼고 생각하고 소유하자,5,2025-01-03
꽃 핀 곳으로 걸으라는 동호 말에 오열하며 울었습니다. ㅠㅠ 정말 최고의 책 ㅠㅠ,5,2024-10-31
잊지 말아야 할 현대사를 슬프지만 아름답게 표현했다. 그럼에도 잊지 말아야 할 현실을 지금도 생각하게 한다.,5,2015-05-06
기억하겠습니다.바르게 알겠습니다,5,2025-05-26
작가 한강에 대한 관심으로 구입,5,2014-12-08
소년은 지금도 온다!!,5,2025-05-31
"차분하게 선배와 친구들을 이야기하기에는,
걸어온 길보다 가야할 길이 아직은 더 멀기때문입니다. 
우리에게 5월은 언제나 따뜻한 봄 날로 돌아올지요.",5,2015-05-28
읽는 내내 소름이 끼치고 먹먹해져서 읽다 멈추다를 반복했던 책.. 덤덤하고 간결한 문체가 더 아파왔다.,5,2016-12-23
아스라히 때로는 찌릿하게 전해지는 그때의 슾름,5,2014-12-12
"시대의 아픔이, 지금도 진행중인 전국적인 왕따의 피해자인 한 도시의 아픔이 너무나 절실히 와닿았던 책이에요.소설을 통해 건네받은 작가의 위로로 코끝이 찡해졌네요.",5,2014-11-29
아직도 마음이 먹먹하다. 너무 재밌게 읽은 책!,5,2015-01-22
"책장을 넘기는 것 조차 힘든
그 때의 잔혹한 슬픈 이야기.",4,2015-05-29
장편의 호흡으로 단편의 통찰을 묵직하게 녹여낸 수작,5,2014-12-01
끝까지 읽기는 너무 힘들지만…,5,2025-05-30
"그때 그 시절을 경험하지 못한 자들이여, 읽어라. 읽으면 0.1% 정도는 진실로 함께 아파할 수 있다.",5,2015-02-23
나는 이렇게 살아있다는게 미안해지네요. 그들과 나는 같은 사람인데요.많은 사람들이 꼭 이 책을 읽어보았으면 좋겠다는 생각이 듭니다.,4,2015-05-07
공지영씨의 고등어...김훈의 칼의 노래...한강의 소년이 온다까지...짧은 문장 하나만으로도 가슴 저 밑바닥을휘저어 놓는 서늘함이 있다...,5,2014-12-26
광주의 기억을 돌아보게 했다.,4,2015-04-30
"이상문학 수장작 ˝몽고반점˝과 그 후에 나온 ˝채식주의자˝ 그리고 ˝바람이 분다 가라˝까지 한강의 글은 읽기가 쉽지 않다. 그런데 이젠 광주라니... 피하고 싶더라도 모두가 꼭 읽어야 하는 책. 읽은 후 수고했다고, 고맙다고, 그리고 미안하다고 말하지 않을 수 없는 소설. ˝동호야.˝",5,2015-02-16
여기는 아직도 5월,5,2024-10-22
한번으로는 이해가 쉽지않아 두번읽은 책각장마다 관점이 달라져서 이해가 힘들었다 하지만 너무 생생해서 역사를 다시 공부하고 싶은생각까지들게했다,4,2021-05-21
요즘 보기 힘든 소설.,5,2014-12-08
과거의 마음을 걷는 한강의 문장들,5,2014-12-02
너무 아픈소설..하지만 이 책은 누구나 꼭 읽어봐야 한다.,5,2014-12-09
광주에 사는 사람입니다. 다른지역 사람들보다 518에 대해서 잘 안다고 생각했는데 이 글을 보고 또 한번 마음이 동했습니다 추천합니다,5,2014-12-12
읽어보는것을 추천합니다,5,2016-11-03
글 읽는 내내 작가의 필력에 전율이느껴지는 책,5,2024-10-23
가슴 아팠다. 그 시절 그 때...경험하지 못했지만 이 소설의 아픔에 같이 울었다.,5,2014-12-02
너무 읽고싶은 책입니다. ~,5,2024-10-27
꼭 읽어보셔서 역사를 바로 알수 있는 책입니다,5,2025-05-24
책장을 넘길 때마다 장면장면이 그려진다. 멋진 책.,4,2014-08-08
"여러 시점에서 조각을 맞추듯, 슬픈 현대사의 한 고비를 조명합니다. 
빨간책방인가 라디오책다방 팟캐스트도 함께 들으시면 더 좋습니다.",5,2015-04-28
"광주에 대한 정면승부.
소설의 호흡에 숨이 막힐 듯 하다.",5,2015-04-28
우리의 역사는 미래와 과거의 돌다리이다,5,2024-10-12
광주의 이야기를 여러권 읽었지만 소년이 온다가 그 중 으뜸이었다.,5,2014-12-05
한강만의 정제된 문장. 읽으면서 정말 많이 울었습니다. 더 많은 사람들이 읽을 수 있기를.,5,2014-12-04
넘 좋다,5,2020-05-26
현존하는 5월 광주에 대한 기록 중 최고입니다.,5,2025-05-31
한번에 읽을 수 없는 책... 두고 두고 곱씹어야 된다.반복되어서는 안되기에...,5,2025-05-27
아직도 광주 민주항쟁을 왜곡하고 부정하는 사람들이 꼭 읽었음 하는 책.,5,2014-12-02
이 시대에 꼭 읽어야할 책!,5,2015-05-18
재밌게 잘 읽었어요!!,4,2014-12-11
역사적 사건을 아주 독특한 서술방식으로 풀어낸 소설.,5,2015-05-02
너무 슬퍼요 읽으면서도 계속 울컥울컥합니다,5,2016-02-02
먹먹했다. 다큐나 회고록처럼 그 상황을 자세하게 묘사한것은 아니였지만 그 이상으로 당시의 그 비극적이고 처참한 상황을 느낄수 있었다.,4,2018-12-28
"소설속 고깃덩어리가 되어버린시체들, 맞서 싸웠음에도트라우마와 죄책감으로 고통받는 사람들, 이분들 덕분에 오늘날의 민주주의를 누릴수있는것에 감사한다. 광주 민주항쟁 열사들은 희생자가 아닌 영웅이다.",5,2025-01-25
잊고 지냈던 것들에 대해 생각을 해볼수있게 하는 책이다.,3,2015-05-14
처음 책을 보았을때 이 책을 읽고 사람들이 울었다는 글에 공감하지 못했습니다 초반까지도 화가 났고 그저 안타까웠을 뿐인데 6장을 읽으면서 나도 모르게 오열하고 있었습니다 올해의 여름은 5.18을 가슴에 새기며 보낼것같습니다 모두가 이 작품을 읽었으면 좋겠어요 그날의 광주를 추모하며,5,2021-07-10
읽으셔야 합니다 ….,4,2025-05-21
"드디어 책을 받아보네요. 많이 늦었지만, 기대합니다!",5,2024-10-28
너무 좋다 너무 가슴을 시리게 해서 ...,5,2014-12-02
마치 현장에서 함께 숨쉬면서 경험하는것처럼 묘사되어있어서 책을 읽는다는것이 아니라 영화를 보고있는거같았고 가슴저며오는 슬픔을 느끼게된다,5,2025-05-19
이 나라는 국민이 주인인 나라입니다. 독재자들의 욕심에 죄없는 우리 국민들은 상처를 입습니다. 하지만 결국 이 나라를 지켜내는 사람은 이 나라에 국민이었습니다. 저는 당신들이 자랑스럽습니다. 그리고 감사합니다.,5,2025-05-25
여전히 우리 기억에 남아 있는 비극을 왜곡하려는 시도를 단호히 차단하기 위해서라도 읽어야 할 책.,5,2025-05-31
역사를 바로 보자,4,2024-11-15
대단한 작가임엔 틀림없지만...,5,2025-01-29
"기대 하지 않고 읽었는데 읽는 내내 울었어요중고등학생이 있는 엄마다 보니주인공의 안타까움, 자식을 잃은 부모마음이 다 겹치네요혹시 영화로 나와도 못볼것 같아요가슴이 너무아파서요.하지만 이책을 읽고 지금의 정치에대한 관심과 마음 가짐이 바뀌게 되어 어른들에게도 필요한 책 같아요",5,2025-06-15
5.18에 대한 직접적인 사진을 보거나 증언을 듣는것 보다 더 아프게 와 닿은 책이다.청소년들도 많이 봤으면 좋겠다.,5,2014-12-10
당시의 사건 그 자체보다는 남겨진 사람들을 어루만지는 책,5,2015-05-04
너무 글을 잘 풀어내셨어요.더 몰입해서 읽을 수 있었습니다.,5,2017-08-29
느릿느릿 숨고르기를 하며 읽었어요. 한강 작가님의 책은 한참을 생각하게 하고 읽은 부분 다시 읽게 하는 매력이 있어요. 글이 시적이고 어떻게 이렇게 표현을 실감나게 잘 할 수 있지?라는 생각이드는 책이에요.정말 안타깝고 부당하고 속상하고 슬펐어요.,4,2025-01-25
노벨상 수상을 진심으로 축하합니다,5,2024-10-13
우리 모두기 꼭 알아야 할 이야기,5,2025-05-20
노벨상 수상 축하합니다!! 책이 드디어 왔습니다. 아직 읽기 전인데 기대 만발이네요 ㅠㅠㅠ,5,2024-10-23
역사가 바뀌지 않기를,4,2024-11-08
가슴아파 두번은 못볼책. .하지만 꼭읽어보라고 권유하는책중하나,5,2019-09-05
"우리가 몰랐던 그날, 그곳에 존재했던 사람들",5,2025-05-31
외국에서도 번역되서 널리읽히길 바랍니다,5,2025-06-01
기대됩니다 어떤의미로 나에게 다가올지,5,2016-03-25
"뭐든 쉽고,,쉽고,,,쉽다 못해 편하기까지한 것들을 찾고,,,,그러다 못해 책까지,,,쉽고,,,쉽고,,,결국에 편한 책을 손에 쥐게 되는 요즘. 결코 모른척 할 수 없지만, 너무 아프고,,,어렵고,,,,,분하기까지한 이 이야기를 통해,,,많은 생각을 할 수 있는 시간이 됐습니다..",5,2014-12-10
"가만히, 소년이 온다",5,2014-12-19
가슴이 아리고 아프네요......,5,2016-05-20
꼭 읽어 보고 싶습니다~,5,2024-11-12
노벨문학상 수상  축하드리며이번 가을에 꼭  읽고 싶은 책 입니다,5,2024-10-19
꼭 읽어보겠습니다,5,2024-10-16
첫 문장이 인상깊어 구입했는데 마지막 문장까지 좋았다.,5,2014-12-07
5.18 광주민중항쟁이라는 현대사의 굴곡진 시대적 아픔을  다양한 인물들의 삶을 통해 잘 보여줌,5,2014-12-02
"잃어버린 기억에 대한 회복, 왜곡된 역사에 대한 성찰",5,2014-12-03
"마지막 페이지까지 다 넘긴 그 때, 책의 제목이 더 크게 와닿았다.",5,2017-01-23
역사를 잊은 민족에게 미래는 없다는 말이 맞습니다. 잊어서는 안되고 있어서는 안되는 역사입니다. 고등학교. 대학생 자식들이 읽고 눈물 흘리네요,5,2025-05-23
축하드립니다.,4,2024-10-14
처음으로 광주 여행 갔다가 봤던 것들이 있어서 더 마음에 와닿고 아프네요 써주셔서 감사,5,2024-10-24
노벨상 진심으로 축하드립니다~,5,2024-10-23
한동안 헤어나올 수 없었다,5,2014-12-17
지금 이 때에 더 읽어야하고 읽고 싶은 책 구매 접속합니다~,5,2025-05-17
사실 잘 와닿지 않던 역사인 5.18이 책의 문장 하나하나를 통해 그 당시 참혹함과 민주주의 소중함을 일깨워주었습니다.,5,2025-06-01
조금 난해하지만 필체가 차원이 다릅니다,4,2024-10-21
축하드려요,5,2024-10-25
너무 좋은책 아이와 함께 읽겠습니다.,5,2024-10-27
일반판말고 이거 10주년판으로 구매하고싶은데 재입고 예정은 없나요?,5,2024-11-02
작가님! 감동이 벅차오릅니다~,5,2024-10-14
뭔가를 믿는다는 것에 목숨을 내던지는 게 옳은 일인지 묻고 싶지는 않습니다. 다만 중학생을 저 자리에서 집에 돌려보내지 않고 데리고 있어야 했냐고는 묻고 싶습니다. 애들은 집에 버내야죠.,4,2024-10-15
이걸 이북으로 몇년전 분명히 읽었는데 여기서 구입한게 아니었나..목록에 왜 없지!! ㅠㅠ,5,2024-10-13
오늘 주문완료,5,2024-10-20
아이가 너무 좋아했어요,5,2024-11-27
우리 역사의 아픈 순간을 문학적으로 잘 승화한 책이라 할 수 있다. 처음에는 조금 어렵게 느낄 수 있지만 한번 책을 손에 잡는 순간 그 책을 손에서 놓기 쉽지 않을 정도로 몰입도도 높다. 무엇보다 문장이 정말 좋다. 가을에 꼭 한번 읽어보면 좋을 책이라 강력하게 추천한다.,4,2018-10-16
광주 사람입니다. 전.. 광주사람인데... 5.18애기 나오면 시큰둥했습니다. 그런데 이거. .읽고 진짜 제 자신을 반성합니다. 또 반성하며 슬퍼합니다.이젠 기억하고 되새길려고 합니다. 가슴이 먹먹하네요,5,2020-06-04
책을 보면서 눈물을 흘린건 처음이었어요..... 진짜 책을 읽고 리뷰를 올려보는 건 처음입니다. 제가 책을 살떄 고민했던 게 아쉬워요... 그냥 빨리 주문하고 봤어야 했는데.... 이글을 보시는 분은 고민하지 마시고 빨리 주문하세요,5,2020-02-22
응원합니다,5,2024-10-11
한강이기에 쓸 수 있는 소설이라고 생각합니다. 어떤 책이다. 하고 정의내리기에 어려운 소설입니다.,5,2015-05-12
"정말 글의 소재를 선택하는 것만으로도 작가의 역량을 알 수 있다는 평론가의 말이 와닿는다. 작가가 첫 문장을 쓴 그 순간 부터, 이 책은 올해의 책이 됨에 충분하다.",5,2014-12-02
광주 민주화 운동이 왜 그리 되었는지는 각종 정보매체등에서 나오므로 그런 내용은 건너뜀.하지만 그 당시 광주에 관심을 가지게 되었던 영화 택시운전사를 보고 조금 더 그때의 삶이 얼마나 허망했던 그리고 억울했던가를 되새기고자 이 책을 구매하게 되었다.,5,2017-09-04
한강의 분위기 독보적이다,4,2015-05-24
한번쯤 봐야할만한,4,2025-06-01
처음엔 낯설었지만 점점 빠져들었다,5,2025-05-17
책을 사고 한동안 읽지 않았는데 5.18을 맞이하여 꼭 끝까지 읽도록 하겠습니다,5,2025-05-18
80년 5월 광주. 잊지 않겠습니다,5,2025-05-18
한 장 한 장 숨죽이며 읽고있습니다.,5,2025-05-24
오월은 우리가 기억해야할 이유가 있습니다,5,2025-05-25
잊지말자 그날을,5,2025-05-21
소설인데 시를 읽는것 같았어요.과거가 현재를 살린다..현재 정치상황에 깊이 공감하며더욱 몰입해서 읽었습니다.,5,2025-05-21
좋은 내용인가요?,2,2025-05-21
밀해 무엇하리오,5,2025-05-21
이 책 꼭 한번 읽어보세요 은은한 감동이 밀려오네요,5,2025-05-28
어릴 적 이유는 모른 채 무서운 일이 생겨 외갓집(광주) 가신 엄마가 집에 오시다 큰일을 당할까 걱정하시는 아버지를 보며 두려움에 떨던 생각이 납니다. 그럼에도 그 일이 무엇인지 공식적으로 알려주는 곳이 없어 오랜 세월이 흐른 후에야 알게 되고 그마저 광주를 벗어나면 잘 모름에 더 무서웠죠,5,2025-05-26
꼭 읽어보고싶어요,5,2025-05-30
우리는 국가의 부당한 폭력으로부터  자유로워졌다는 자부심을 갖고 살고있었다. 그러나 어느순간 폭력은 일부 정당할수있다는 목소리가 커지고있다. 정의는 그냥 실현되는것이 아닌것같다. 지키기위해 부단한 반성과 개혁과 감시가 필요하다,5,2025-05-29
