Rating,Date,Content,Sympathy
5,2019-04-24,내가 지금 누리는 것들이 누구의 목숨값인줄도 모르고 웃고 사는 게 한심하고 수치스럽다.,464
5,2019-06-24,나의 자유가 소중하다면 모두가 보아야할 책.,241
5,2019-11-22,그날의 광주를 이제야 재대로 알아차린 것 같아 그곳을 지키려한 사람들에게 많이 미안합니다.,221
5,2022-03-11,내 영혼도 난도질 당하는 느낌이었다. 그래도 외면하지 않고 똑바로 봐야한다,174
5,2019-01-03,가슴 아픈 그러나 잊지 말아야하는 이야기,127
5,2019-11-17,"소설이지만 생생한 역사 기록같다. 
기억해야 할 아픔의 역사를 외면해 온 내게 첫 걸음을",75
5,2019-02-08,더이상 속고 싶지 않다면 이 책을 읽는 게 어떨까.,32
5,2024-10-11,글이 너무 아파서 읽다가 멈추고 정신차리고 다시 읽었던 책이네요,31
5,2024-10-11,노벨상 축하드립니다 평생 책을안보던 제가 한강님 책은 봐야될거 같다는 생각이 드네요,30
5,2024-10-11,여전히 이 슬픈 역사의 무게에 겁을 먹고 유치하게 비겁하게 조롱하는 사람이 있다.,19
5,2021-07-16,모두가 한번쯤은 읽어야하는 책이라고 생각합니다,16
5,2018-09-05,가슴은 아리고 눈에선 눈물만 주륵주륵,16
5,2022-12-08,우리 모두가 꼭 읽어야할 필독서. 광주에 빚진 사람으로서 어떻게 살아야하는가?,15
5,2018-07-03,읽으면서 너무 힘들었지만.. 그 마음조차 죄스러웠다,15
5,2024-10-11,"양심. 
그래요, 양심.
세상에서 제일 무서운게 그겁니다.",13
5,2024-10-20,우리는 모두 광주에 빚을 지고 있다.,12
5,2024-10-22,전두환 개새끼가.....,10
5,2024-10-20,읽어내기 힘듭니다. 그러나 읽어내야 합니다. 힘든것 조차 사치이니까요.,10
5,2023-10-03,읽기까지 한참을 망설인 소설. 그럼에도 읽기를 잘했다고 생각한 소설.,10
5,2024-10-11,"잊지 말아야 할 역사, 민주주의를 자신의 손으로 쟁취한 국민들의 아픔.",9
5,2024-05-17,우리는 모두 빚진자들임을 깨닫게 해준 책이었습니다.,9
1,2017-01-30,무슨이야길 하고 싶은건지..답답하다 시점도 화자도 엉망 독자생각은 없는 개인 일기일뿐,9
5,2018-07-17,눈물은 기본..분노도 기본..잊지말아야할 역사를 소홀했나싶은 자책..필독서 권장합니다,8
5,2024-12-05,다시는 일어나지 않아야 할 일이 2024년에도일어나다니....화가나고 슬픕니다..,7
5,2024-10-17,이보다  명백하고 또렷하게 5.18을 담아낼수 있을까?,7
5,2024-10-11,작가님 노벨문학상 축하드립니다!!!!,6
5,2023-08-13,가해자가 고통스럽게 죽었어야했는데…,6
5,2019-05-01,읽기 힘들만큼 가슴이 아렸던 책,6
5,2024-10-19,"감사합니다 
기억해주셔서,기억하게 해주셔서",5
5,2024-10-14,이 비극이 시간이 흘러 아무것도 아닌 것처럼 되지 않도록 하는게 문학의 힘입니다.,5
5,2019-11-03,"그날의 광주를 이제야 마주한 느낌
동호와 그날 그곳을 지켰던 사람들에게 미안한 마음이 든다",5
5,2025-01-11,왜 민주주의는 피를 먹고 자라야 하는지 가슴 아픕니다.,4
5,2024-12-05,이 책 읽었는데 갑자기 현실 계엄령 발표해서 너무 무서웠네요. 책은 진짜 꼭 읽어보세요.,4
5,2024-10-11,마음이  먹먹해서 몆 번을 덮다폈다 하게 한 책입니다,4
4,2024-12-11,글로만 소설인줄만 알았던 그 시대가..오다니,4
5,2024-12-13,고통은 피한다고 피할 수 있는게 아니고 그 사실을 직시하고 받아들일 때 다음이 있다는 사실,3
5,2024-12-12,감히 추모한다고 말할 수 없는 그들의 목숨.잊지 않고 두 눈으로 똑똑히 지켜봐야 한다,3
5,2024-12-11,작가는 혼과 혼을 연결하기 위해 혼의 작업을 하는 사람이라는 것을 알게 한 책 ..,3
5,2024-12-11,그날의 광주와 지난 12.3 개엄때 앞장선 시민들~ 그대들이 있어 행복합니다,3
5,2024-12-10,"오늘같은 시기에 읽으면
좋을것같다.
역사의 반복.",3
5,2024-12-08,"5. 그건 그들만의 죽음이 아니라, 누군가의 죽음들을 대신한 거였다고.",3
5,2024-11-26,1980년 5월 광주의 아픔을 가장 처절한 시점에서 묘사한 천재 작가의 책입니다.,3
5,2024-10-16,잘 읽었습니다! 그리고 한강 작가님 노벨문학상 다시한번 진심으로 축하드립니다!,3
5,2024-10-13,1980년 5월. 광주,3
5,2021-02-10,책 표지부터 마음이 무거운 ㅜ 하지만 꼭 읽어봐야죠,3
5,2019-12-26,세상에서 제일 무서운 양심.그 양심을 챙기는 우리가 됩시다,3
5,2025-01-08,자유가 당연하지 않았던 시대가 가까이 있었다,2
5,2024-12-12,현 시국과 연결지어지며 더 몰입감이 배가되었어요.,2
5,2024-12-11,2024년에 계엄령이 내려진 상황에서 읽으니 더 와닿는 가슴아픈 이야기..,2
5,2024-12-09,우리는 반드시  이긴다..,2
5,2024-11-30,많은 분들이 읽고 느끼시길...근데 꼭 읽어야 할 사람들은 과연 읽을까? 느낄까?,2
5,2024-11-30,꼭 읽어야 할 책입니다.,2
5,2024-11-26,그날의 진실을 이제야 알게 된 것 같아 죄송하다. 많은 사람들이 읽었으면 하는 책.,2
5,2024-11-15,가슴아파 들추기 꺼리던 이야기지만 반드시 알아야할 이야기,2
5,2024-11-04,이 땅에 민주주의가 꽃 피우기까지 피와 땀과 눈물로 지키신 모든 분들께 감사를 드립니다.,2
5,2024-10-18,노벨문학상 수상 덕분에 전 세계인들이 읽게 되어 기쁘네요~,2
5,2024-10-15,읽는 내내 눈물이 났습니다.,2
5,2024-10-15,잘 기억하겠습니다. 감사합니다.,2
5,2022-07-30,한번쯤읽어보길바랍니다,2
5,2020-04-10,좋아요. 잘 읽었습니다.,2
5,2020-02-27,한강님 소설은 다 믿고 읽는 것 같습니다.,2
5,2019-02-19,"계엄군에 점령당한사건의 살아남은사람들의 아픔,어린소년 동호의 죽음에 우리는빗지고있는거같다.",2
5,2018-08-05,눈물이 멈추지 않았다.,2
1,2025-03-25,별1개도 아까움. 정신세계가 정상아님.,2
5,2025-07-17,말해뭐해,1
5,2025-01-23,재미있게 읽었습니다.,1
5,2025-01-20,모두가 읽었으면 하는 책,1
5,2025-01-20,많은 분들이 읽으면 좋겠습니다.,1
5,2025-01-18,역시 한강작가님 표현력은 이루 말할수 없네요,1
5,2025-01-16,"부산과 마산도 광주처럼 학살 당할 수 있었다.
박정희와 차지철이 살아 있었다면.",1
5,2025-01-14,이 책은 필독서에요,1
5,2025-01-14,잔혹한 역사속에 평범하지만 강인한 사람들,1
5,2025-01-14,역시 노벨상은 이유가 있다,1
5,2025-01-10,"많은 깨달음이 느껴지는 책입니다
청소년에게도 추천합니다.",1
5,2025-01-10,망할 계엄,1
5,2025-01-09,그날의 얼굴들에 빚지고 살아가고 있다는 생각이 든다.,1
5,2025-01-05,가보로 남기려합니다.,1
5,2025-01-04,"한 점 부끄럼 없이 살고자 했던 숭고함, 그 양심의 힘을 짧게나마 느꼈습니다 고맙습니다",1
5,2025-01-04,너무 잘 읽고 있어요 소장할수 있어서 행복하네요!,1
5,2025-01-02,항쟁의 맨 선봉에 섰던 분들의 아픔과 가족들의 기억과 슬픔.. 5.18이후의 일들,1
5,2024-12-29,우리는 그날의 기억을 잊지말아야 할것입니다,1
5,2024-12-29,하루하루 소소한 일상에 감사하며 살자,1
5,2024-12-29,높은 사람이 중심을 못 잡기에 전국이 불란스럽다고 느끼는 요즘 읽기 좋은 소설이었다,1
5,2024-12-28,잊어서는 안될 이야기,1
5,2024-12-27,현 시국과 맞아 떨어지는 소설. 2024년도에 계엄령이라니.,1
5,2024-12-23,노벨문학상수상자의 책을 원서로 읽게 되어 너무기쁩니다,1
5,2024-12-22,죽은 이들이 산 이들을 깨어나게 했네요.,1
5,2024-12-17,"태극기 시위대를 보면 광주민주운동을 봤을 연세있는 분들이 왜 그러신지 뭐든 돈,권력인가요.",1
5,2024-12-16,정말 적극적극 추천합니다.,1
5,2024-12-15,울림이 있는 책이었습니다. 좋은 작품 감사드립니다.,1
5,2024-12-15,요즘시대에 꼭 필요한책,1
5,2024-12-14,"잘못된 역사는 반복될 수 있기에,  남아있는 사람들은
절대 잊지 말어야 합니다.",1
5,2024-12-13,과거를 되풀이 하지 않기를 기원합니다.,1
5,2024-12-12,지금 꼭 필요한 책..,1
5,2024-12-11,다시는 일어나지 않아야할 우리가 꼭 기억하고 되세겨야되는 가슴아픈이야기입니다.,1
5,2024-12-11,소설은 취향이 있다고 생각했다. 그러나 이 책은 취향을 이야기 할 수 없는 전국민 필독서!,1
5,2024-12-05,지금 꼭 읽어야 할 책인 것 같습니다.,1
5,2024-12-04,항상 기억하고 생각해야 할 대한민국 역사의 아픔을 담대하게 때론 처절하게 써내려 간다,1
5,2024-11-24,대한민국 국민이 꼭 읽어야 할 책입니다.,1
5,2024-11-17,작가의 고통과 유족분들의 남모른 아픔과 슬픔이 책에 고스란히 담겨있어 더욱 아프네요.,1
5,2024-11-16,"그 시간, 그 장소의 기억들을 꺼내보았습니다.",1
5,2024-11-12,잊지 말아야 할 역사적 아픔..............,1
5,2024-11-10,소년이 온다. 슬프다. 어찌 사람에게 그런짓들을..잊지 않아야 한다. 잊어선 안된다.,1
5,2024-11-06,"왜 우리는 이 책을 읽어야하고, 역사를 잊지 말아야하는지를 다시 한번 생각합니다",1
5,2024-11-05,한강작가님 전체작품 정주행중입니다,1
5,2024-11-05,아프지만 직시해야하는 우리의 역사..,1
5,2024-11-04,재미있어요,1
5,2024-11-04,최고에요,1
5,2024-11-04,잘 읽었습니다,1
5,2024-11-04,꼭 한번쯤은 읽어봐야 할 책,1
5,2024-11-02,"그냥 눈물만 흐릅니다 , 잊지 않겠습니다.",1
5,2024-10-25,유익한 내용의 책입니다,1
5,2024-10-23,무겁고 슬프지만 한 글자도 놓치지 않고 봐야 하는 책.,1
5,2024-10-20,눈물이 멈추질 않아요....,1
5,2024-10-19,"감사합니다 
기억해주셔서,기억하게 해주셔서",1
5,2024-10-19,아프고 힘들지만 꼭 읽어야 할 책,1
5,2024-10-19,슬프고 아프지만 꼼꼼히 잘읽겠습니다,1
5,2024-10-17,너무 아픕니다.ㅠㅜ,1
5,2024-10-15,좋아요 기대되네요,1
5,2024-10-15,너무 가슴아픕니다. 최고의 작품,1
5,2024-10-15,읽는내내 악몽을 꾸었다.,1
5,2024-10-14,잘읽었습니다,1
5,2024-10-13,전세계의 '5.18광주'가 더이상 없으면 좋겠습니다. 작가님 감사합니다,1
5,2024-10-13,읽기전 단단히 준비하고 들어갔지만 몇장을 넘기는 순간 무너지고 마는 눈물로 읽었던 책,1
5,2024-10-13,"읽기전 마음의 준비가 필요한책
읽고난 후에도 쉽게 놓을 수 없는 책 입니다.",1
5,2024-10-13,"5월 봄바람같은 언어로 써낸 아주  가슴아프고 잔인한  나,너,당신,그녀,그들의 이야기",1
5,2024-09-22,동호야 미안해,1
5,2024-05-07,518이라는 사건이 개인의 입장에서 해석이 충격적이였어요.,1
5,2023-06-02,슬프지만 역사를 잊을 수 없기에 꼭 읽어야 하는 책,1
5,2022-05-29,잊지않겠습니다,1
5,2022-05-17,읽기 불편하고 우울하지만 꼭 읽어야 했던 책,1
5,2022-02-01,감동적이고 여운이 남는 책,1
5,2021-10-14,재미있어요,1
5,2019-10-06,채식주의자보다 좋았어요!,1
5,2019-09-24,기억해야 할 아픔,1
5,2019-07-29,마음이너무아픕니다..,1
5,2019-07-23,너무너무 재밌어요 제발 꼭 보세요,1
5,2019-06-26,추천합니다..,1
5,2018-10-17,처음으로 읽는 한강 작가의 책.,1
3,2018-08-19,마음이 아프고 무겁고 우울해져 읽기가 어려웠다.,1
2,2025-01-02,저는 조금 힘든 책이었습니다.,1
2,2017-07-31,"치밀하지 못한 구성, 혼잡한 전개. 한강이란 작가가 일류가 아닌 이류인 이유...",1
1,2024-11-17,왜 하필 어린 소년을 빌려 말하려고 했는지. 시간의 무서움이 두려워서일까. 도아서 딴길로,1
1,2024-11-15,난해,1
1,2019-06-07,너무 리얼해,1
5,2025-07-21,이책은 우리 모두가 읽었으면 하는 마음으로 올린다.,0
5,2025-07-21,잊어서는 안될 고귀한 생명들을 위로합니다,0
5,2025-07-19,섬세한 감정묘사 와 전개 감동적이예요,0
5,2025-07-19,재미있어요,0
5,2025-07-17,잘 읽었습니다. 감사합니다.,0
5,2025-07-16,최고에요..,0
5,2025-07-16,남의 일처럼 생각했던 518광주운동에 대해 더 깊이 생각하는 계기가 되었다,0
5,2025-07-16,광주의 5월을 살아낸 소년과 남겨진 이들의 통렬한 증언,0
5,2025-07-16,잘 읽었습니다,0
5,2025-07-16,두번 세번 천천히 다시 읽어보고 싶은 소설,0
5,2025-07-16,매년 5월이면 꼭 읽어야 할 책,0
5,2025-07-16,아픈역사 잊지않아야합니다.,0
5,2025-07-15,"당신이 죽은 뒤 장례식을 치르지 못해, 내 삶이 장례식이 되었습니다.",0
5,2025-07-15,번역이 필요없는 노벨문학상 도서를 읽을 수 있다는 게 큰 감동입니다,0
5,2025-07-15,드디어 구입했네요 번역이 필요없는 노벨문학상 도서를 읽을 수 있다는게 넘 감동이네요,0
5,2025-07-15,잘봤습니다,0
5,2025-07-14,이제서야 펼치는 책...천천히 읽어보겠습니다.,0
5,2025-07-14,한강 작가의 책 중 가장 와닿는 책,0
5,2025-07-14,힘들지만 꼭 읽어야 하는,0
5,2025-07-14,읽기시작하면 놓을수없어요,0
5,2025-07-13,"이 읽기도 힘든 책을 작가님은 어찌 쓰셨을지,,",0
5,2025-07-13,재미있게 잘 보고 있어요,0
5,2025-07-13,"""광주 5.18 민주화운동의 비극을 소년의 시선으로 그려낸, 잊어서는 안 될 우리의 역사",0
5,2025-07-12,너무 가슴시린글이네요한강작가의  섬세한 문장이 가슴에 와닿습니다노벨 문학상 진심으로 축하해,0
5,2025-07-12,재밌게 잘 보고 있어요ㅎㅎ!,0
5,2025-07-11,잘 읽었습니다. 감사합니다.,0
5,2025-07-09,슬프지만 읽어야 하는 이야기,0
5,2025-07-08,재밌어요,0
5,2025-07-08,다른 시리즈도 읽겠습니다!,0
5,2025-07-08,한 장 한 장 넘길 때마다 용기가 필요했던 책.,0
5,2025-07-07,"우리의 역사를 소설로 만나는 일, 감회가 새롭다",0
5,2025-07-07,잘읽었습니다.,0
5,2025-07-05,마음이 많이 아팠습니다. 잊지 않겠습니다.,0
5,2025-07-04,믿고 보는 작가들 중 한 분.,0
5,2025-07-04,잘 읽었습니다,0
5,2025-07-04,성인이 되고 첫 책이자 소설책인데 책에대한 집중도와 우리나라 아픈 역사이기에 추천드립니다,0
5,2025-07-04,세계가 인정한 글로벌 한강 작가의 5.18 광주민주화운동 관련 책 #소년이온다 최고입니다,0
5,2025-07-03,잘 읽겠습니다,0
5,2025-07-03,"생생한 표현,과장되지 않음에서 오는 절절함, 책을 보며 흐르는 눈물을 참기 힘들었다",0
5,2025-07-02,재밌어요,0
5,2025-06-30,무조건 읽어야 하는 책,0
5,2025-06-30,광주의 아픔을 우리 모두 공감할 수 있게 이끌어준 슬픈 명장,0
5,2025-06-30,명백하고 또렷하게 5.18을 담아낸 눈물나는 수작입니다.,0
5,2025-06-30,명백하고 또렷하게 5.18을 담아낸 수작,0
5,2025-06-30,재미있어요,0
5,2025-06-30,마음이 아파요,0
5,2025-06-30,잘 읽었습니다,0
5,2025-06-29,잘 읽었어요,0
5,2025-06-29,읽을 만한 가치가 충분한 책이었어요,0
5,2025-06-28,"한강 작가님 책은 다 읽고 싶어져요 쓸쓸함과, 고통을 담아내는 능력에 반합니다",0
5,2025-06-28,잘읽겠습니다,0
5,2025-06-28,가슴이 따뜻해지는 책입니다...,0
5,2025-06-27,잘 읽었어요. 추천합니다.,0
5,2025-06-27,광주를 기록해주셔서 감사합니다.,0
5,2025-06-27,꼭 한번은 읽어야 할 우리의 역사입니다.,0
5,2025-06-27,알고 있는 역사였지만 다시 마음이 저립니다,0
5,2025-06-27,믿고 볼 수 있는 작가의 책이 생겼다는건 독서를 할때 책 선택의 어려움을 겪는 나에겐 행운,0
5,2025-06-27,5.18 그날의 광주는 지금도 현재 진행형입니다. 대한민국 전국민이 알아야 할 이야기입니다,0
5,2025-06-26,잘 읽었습니다,0
5,2025-06-26,아직 읽어보진 않았지만 기대가 됩니다,0
5,2025-06-26,잊지 않아야할 역사. 참혹함에 하도 찡그리고 읽어서 친구가 무슨 일 있냐한 기억이 있네요,0
5,2025-06-26,읽는 내내 가슴이 먹먹했던 책. 다시는 일어나지 않아야 할 비극.,0
5,2025-06-26,읽으려니 마음이 아픕니다,0
5,2025-06-25,한국인이라면 꼭 마주해야 할 진실,0
5,2025-06-24,슬픈 역사를 저릿하게 기억하기 하는 좋은 소설 입니다 저장해두고 한번씩 꺼내 읽어야 할 필,0
5,2025-06-24,잘봤습니다,0
5,2025-06-23,최고입니다 꼭 읽으세요,0
5,2025-06-23,반드시 읽어야 할 책,0
5,2025-06-22,별ㅇ10개 입니다,0
5,2025-06-22,최고,0
5,2025-06-20,마음이 아파온다,0
5,2025-06-20,잘 읽었습니다.,0
5,2025-06-20,미안합니다,0
5,2025-06-20,우리나라에서도 노벨문학상이 나오길 바랬지만 드디어 나온게 아쉽습니다!!더 나올수있는데,0
5,2025-06-20,우리나라도 노벨문학상 작품은 원글로 읽을수있네요 너무너무 기대됩니다 한강 작가님 감사합니다,0
5,2025-06-19,화딱지가 나네,0
5,2025-06-19,잘봤습니다,0
5,2025-06-18,모든 글귀와 장면이 마음을 울리는 명작,0
5,2025-06-09,잘 읽었어요.,0
5,2025-06-08,노벨문학상축하드려요!,0
5,2025-06-06,필체하나하나가 생생한 장면으로 다가와 제가 겪은 일인것처럼 느껴지는 가슴아픈 내용들이었습니다,0
5,2025-06-06,재밌게 잘 봤습니다.,0
5,2025-06-05,좋아요굿굿,0
5,2025-06-05,좋아요,0
5,2025-06-04,잘 읽었습니다,0
5,2025-06-04,추천합니다.,0
5,2025-06-03,소장 하고픈 책,0
5,2025-06-03,사실을 직면하기가 어려워서 지금까지 피해왔던 책… 읽고나니 한없이 눈물만,0
5,2025-06-03,책 잘 받았습니다.,0
5,2025-05-31,잘 읽었습니다,0
5,2025-05-31,재밌게 읽었어요,0
5,2025-05-31,잘 봤습니다,0
5,2025-05-31,좋아요,0
5,2025-05-31,내가 할 수 있는 일을 실천하자!,0
5,2025-05-31,마음 아픈 이야기였습니다.,0
5,2025-05-31,최고,0
5,2025-05-30,재밌게 읽었습니다,0
5,2025-05-30,가슴아프다,0
5,2025-05-30,5월에 읽으니 더욱 먹먹해지는 책입니다,0
5,2025-05-30,재밌어요,0
5,2025-05-29,노벨문학상에 빛나는 대한민국 국민이라면 꼭 읽어봐야 할 책,0
5,2025-05-29,최고의작품,0
5,2025-05-29,이번 시국에 읽어봐야 할 작품이에요.,0
5,2025-05-29,잊지 않기위해 읽었습니다.,0
5,2025-05-29,유익한 시간이었습니다.,0
5,2025-05-28,꼭 봐야할 책,0
5,2025-05-28,추천해요,0
5,2025-05-28,노벨문학상 역사에 길이길이 남을 소식입니다,0
5,2025-05-28,재밌어요,0
5,2025-05-27,잘 읽었습니다.,0
5,2025-05-26,잘 읽었습니다,0
5,2025-05-25,잘읽었어요,0
5,2025-05-25,서울의 봄을 보고 바로 읽었던 책.. 한참을 먹먹하게 읽었습니다,0
5,2025-05-25,모두의 필독서가 되어야 한다.,0
5,2025-05-24,잘읽었어요,0
5,2025-05-24,"우리나라의 슬픈 역사의 단면을 날 것, 그대로 보여주는 작품이자, 잊지말아야 할 역사다",0
5,2025-05-23,잼나요,0
5,2025-05-23,마음이 아픕니다,0
5,2025-05-22,아버지께 드린 책,0
5,2025-05-21,책 한구절 한구절 몰입이 너무 잘 됨 눈물을 안흘릴 수 없다,0
5,2025-05-19,잘 읽었습니다,0
5,2025-05-19,문장 표현력이 정말 훌륭합니다.,0
5,2025-05-18,기억을 지속적으로 공유하는 수단으로서의 문학이 가지는 가치,0
5,2025-05-16,5.18 이틀전 한강 작가님 항상 건강하세요~,0
5,2025-05-15,잊지말아야 할 아픈 이야기입니다,0
5,2025-05-11,잘 읽었습니다.,0
5,2025-05-08,잘 봤습니다,0
5,2025-05-08,같은 한글을 가지고 이런 문장들을 쓸 수 있다는게... 읽으면서 작가님의 표현력에 감탄합니다,0
5,2025-05-08,"피로 물든 봄, 그 소년의 이름을 부르며",0
5,2025-05-07,한강작가 책 읽고 싶어하는 중학생에게 선물했어요,0
5,2025-05-06,재미잇어요,0
5,2025-05-06,한국인이라면 읽어보아야할책,0
5,2025-05-06,잘읽었습니다,0
5,2025-05-05,인간의 존엄성과 죽음에 관해 다시 한번 생각하여 볼 수 있었다.,0
5,2025-05-04,잘 읽었습니다.,0
5,2025-05-04,이 책 한권만으로도 이렇게 마음이 아픈데...,0
5,2025-05-03,가슴이 아프네요,0
5,2025-05-03,노벨상 수상 작가 작품 보고 있습니다.,0
5,2025-05-03,보면 정말로 울어요 소년이 되어서 운다,0
5,2025-04-30,잘 읽었어요,0
5,2025-04-30,꼭 읽어볼 책입니다.,0
5,2025-04-30,잘봤습니다,0
5,2025-04-30,잘 봤습니다.,0
5,2025-04-30,좋은 책 입니다.,0
5,2025-04-30,잘 읽었습니다,0
5,2025-04-29,잘 읽었습니다,0
5,2025-04-29,진면목을 볼 수 있어요,0
5,2025-04-29,"감히 한줄평을 작성할 수는 없다고 생각합니다. 그냥 2장부터 내내 울었어요,,,",0
5,2025-04-29,꼭 읽어봐야할 책입니다.,0
5,2025-04-29,누구의 눈으로 바라봐야할까 모습하나하나  마음이 져려 어미의 마음과 소녀의 마음 저려온다,0
5,2025-04-28,글이 넘 예쁘다,0
5,2025-04-27,.,0
5,2025-04-27,그때의 그들의 삶에 눈물이납니다.지금 우리가 그때의 그들을 잊지않아야되는 이유입니다,0
5,2025-04-27,잘 봤습니다,0
5,2025-04-26,한 호흡으로 다 읽은 책,0
5,2025-04-26,재독해야겠는 책이에요,0
5,2025-04-26,"쏘라고 명령한 사람의 눈을 생각해.
꼭 읽어야하는 소설.",0
5,2025-04-24,재밌게 읽었습니다~,0
5,2025-04-24,생각하며 읽습니다~,0
5,2025-04-23,강추합니다,0
5,2025-04-21,잘 읽었습니다,0
5,2025-04-20,소년..소년은 누구인가,0
5,2025-04-20,시 같은 문체? 생각했던 것보다 슬프고,0
5,2025-04-18,책을 읽고 감명을 느낀건 정말 오랜만…,0
5,2025-04-18,진짜 많은 생각이 들게하는 책입니다.,0
5,2025-04-16,두번 읽게 한 책. 의미심장한책.,0
5,2025-04-16,가족들의 깊고 오래된 애환을 리얼하게 느끼게 되어 가슴 먹먹했어요,0
5,2025-04-15,"이 일을 소설로 써 주셔서 고맙습니다.
다시는 이런 일이 일어나지 않길...ㅠ",0
5,2025-04-15,"두려움과 안일함에  외면했지만
정면으로 마주어야 함을...",0
5,2025-04-15,잘 읽었습니다.,0
5,2025-04-15,잘 읽었습니다,0
5,2025-04-14,만족합니다좋은것같아요,0
5,2025-04-13,잘 읽을게요 좋습니다,0
5,2025-04-13,덕분에 난 과거 광주에 가볼 수 있었고 2024년 현재의 상황을 더 잘 느낄수 있었다,0
5,2025-04-12,꼭 봐야할 책,0
5,2025-04-12,읽고 나면 가슴이 먹먹해 지는 느낌 그 아픔 그 가족들에 마음속까지 알게 되었던 책,0
5,2025-04-11,"작가님의 필력은 정말 표현을 할 수 웂이
단연 최고이십니다",0
5,2025-04-10,좋아요,0
5,2025-04-10,좋은 책 잘 읽었습니다~~~,0
5,2025-04-10,"감히 마주보고 싶은 용기가 쉽사리 나지 않는 무서운, 그러나 절대 잊혀져서는 안되는 진실.",0
5,2025-04-10,"감동적인, 가슴아픈, 생생한",0
5,2025-04-08,좋습니다,0
5,2025-04-08,생생한 아픔을 줄지라도 잊어서는 안 되는 역사.,0
5,2025-04-08,잘읽었어요~,0
5,2025-04-07,소년이 온다... 마음 아픈 시대의 이야기입니다,0
5,2025-04-07,"그 잔인한 열흘이 한 사람의 생을, 사랑하는 가족을 평생 괴롭게 만들었다.",0
5,2025-04-06,아름다운 책,0
5,2025-04-05,굿,0
5,2025-04-05,"역시 베스트셀러,노벨수상작이다",0
5,2025-04-04,보는 내내 마음이 아팠네요,0
5,2025-04-04,한강 작가님 책 잘 읽었습니다,0
5,2025-04-03,잘 읽었습니다,0
5,2025-04-03,최고입니다,0
5,2025-04-01,아이가 사달라고 해서 구매했는데  제가 더 잘 읽었습니다.,0
5,2025-04-01,재미있게 잘 읽었습니다,0
5,2025-03-31,가슴아픈 이야기에 눈물이 납니다,0
5,2025-03-31,잘 봤습니다,0
5,2025-03-31,무식하면 유튜브를 보지말고 책을봅시다 긁우들아?알겠니?,0
5,2025-03-31,잘 봤습니다,0
5,2025-03-31,잘 읽었습니다,0
5,2025-03-30,잘 읽었어요,0
5,2025-03-30,한번쯤은 꼭 읽어봐야 할 책입니다.,0
5,2025-03-30,잘읽었습니다,0
5,2025-03-30,흥미진진하고 재밌네요 잘읽었어요,0
5,2025-03-29,잘봤습니다,0
5,2025-03-29,좋아요,0
5,2025-03-29,너무 눈물 많이 흘리면서 봤다. 기억해야 할 아픈 과거,0
5,2025-03-28,잘읽었어요,0
5,2025-03-28,죽은 자가 산 자를 구할 수 있는가,0
5,2025-03-27,이 책을 읽게 되어서 다행이다,0
5,2025-03-27,"그날, 그 누구도 총은 쏘지 않았다. 시민군도, 군인도..그 누구도..",0
5,2025-03-27,여러가지 감정과 많은 생각을 가지게 해주는 책,0
5,2025-03-26,더 많은 사람들이 518에 관심을 갖게 되길 바랍니다 !,0
5,2025-03-26,재미있게 읽었습니다.,0
5,2025-03-25,잊지 않도록 여러번 읽어야 할 슬픈 글,0
5,2025-03-24,소년이 온다. 그리고 그들의 이야기가 온다. 그러자 내일의 우리가 온다.,0
5,2025-03-24,진짜 펑펑 울었습니다.,0
5,2025-03-23,꼭 읽고 싶었던 책!!,0
5,2025-03-23,잘봤습니다,0
5,2025-03-23,잊지 말아야할 우리의 역사,0
5,2025-03-23,이건 꼭 읽어야 할 책입니다.,0
5,2025-03-22,어휘력이 좋아지는 책.,0
5,2025-03-22,지인 선물로 구매했습니다,0
5,2025-03-20,잘 읽었습니다,0
5,2025-03-20,고통의 역사를 날카롭게 상기시켜 상처를 쑤신다. 안까지 쑤시고 들어와 후벼판다.,0
5,2025-03-20,평소 책을 많이 읽지 않는데 몰입도가 좋아서 하루만에 다 읽었습니다.,0
5,2025-03-19,눈물이 앞을 가리우는 5월이 떠올라요,0
5,2025-03-19,감사하고 눈물남,0
5,2025-03-19,추천합니다.,0
5,2025-03-19,명작을 서재에 들여올 수 있어서 좋아요,0
5,2025-03-18,소설을 읽고 있으니 괜스레 무안공항도 생각났다.,0
5,2025-03-18,배송도괜찮고상품도생각보다좋아요추천합니다,0
5,2025-03-18,마음 아파지는 소설입니다,0
5,2025-03-18,재미있습니다. 도움이 됩니다 추천합니다. 좋아요,0
5,2025-03-18,마음이 먹먹해집니다,0
5,2025-03-18,마음이 너무도 아파지는 내용이었어요.,0
5,2025-03-17,만족하는 구매입니다,0
5,2025-03-17,읽기가 겁나지만 꼭 읽어야 하는 책,0
5,2025-03-16,"우리나라 현대사의 비극을 문학적 기록으로 승화시킨, 노벨상 축하드립니다.",0
5,2025-03-16,유명한 한강 작가님 책…딸이 금방 읽네요~,0
5,2025-03-15,잘읽었어요,0
5,2025-03-15,잘읽었습니다,0
5,2025-03-14,울면서 읽었어요 꼭 읽어주세요,0
5,2025-03-14,감동입니다.,0
5,2025-03-14,잊지 말아야 할 과거이자 현재이자 미래,0
5,2025-03-13,잘 봤습니다,0
5,2025-03-12,필독서. 꼭 읽어봐야하는 책 입니다,0
5,2025-03-12,배송 잘 받아 잘 읽었어요.,0
5,2025-03-11,"읽기가 너무 힘들어서 띄엄띄엄 읽었어요.
마음이 추스려지면 다시 봐야 될것 같아요",0
5,2025-03-11,영혼으로서 자신이 죽어가는 과정을 지켜보는 장면에 대한 묘사는 너무 충격적이었고 가슴아팠다,0
5,2025-03-10,괜찮은거 같아요 좋아요,0
5,2025-03-10,잊지 않게 해줘서 감사합니다,0
5,2025-03-10,한번 읽어보겠습니다,0
5,2025-03-10,술술 읽히지만 가슴이 저릿하네요,0
5,2025-03-10,잘 봤습니다.,0
5,2025-03-09,잘 읽었어요,0
5,2025-03-08,잘봤습니다,0
5,2025-03-08,수상 축하드립니다,0
5,2025-03-07,과거가 현재를 살린다,0
5,2025-03-07,"작가님 읽어주시는 알고리즘 타고 여기까지 왔어요
독서 초보가 읽어도 술술 잘 읽혀요",0
5,2025-03-05,사놓고 바빠서 끝까지 못 읽어봤는데.. 후기도 많다보니 기대가 엄청 되는 책이에요!!!!!,0
5,2025-03-05,최고입니다.,0
5,2025-03-05,좋습니다 좋아요ㅎㅎㅎ,0
5,2025-03-04,중2 딸아이에게 선물하려고 구입했습니다,0
5,2025-03-03,상처의 구조에 ?대한 투시와 ?천착의 ?서사.,0
5,2025-03-03,"소장가치가 있는 책
여러 번 읽어야 할 책",0
5,2025-03-03,"소장가치가 있는 책
여러번 읽어야봐야 할 책",0
5,2025-03-03,완벽히 이해하지는 못했지만 다시 읽어서 이해하고 싶은 책,0
5,2025-03-02,좋아요,0
5,2025-03-02,굿!!!,0
5,2025-03-02,잘 읽었습니다,0
5,2025-03-02,잘읽었습니다,0
5,2025-03-01,잘 읽고 있습니다. 읽고 싶었던 책이었어요,0
5,2025-03-01,감동적인 책,0
5,2025-03-01,우리 모두가 빚진 이야기,0
5,2025-03-01,좋아요,0
5,2025-03-01,맘이 아파 한장한장 읽기 너무 힘들었습니다,0
5,2025-03-01,만족합니다,0
5,2025-02-28,이 책을 읽고나면 지금 내 일상이 소중해진다,0
5,2025-02-28,좋아요 잘 읽었습니다,0
5,2025-02-27,이렇게 좋은 책을 두고 한참을 망설였었네요. 가슴이 먹먹하지만 꼭 읽어봐야할 책입니다.,0
5,2025-02-27,좋아요,0
5,2025-02-26,재미있게 잘 읽었습니다.,0
5,2025-02-26,완전 재밌어요,0
5,2025-02-26,좋은 작품입니다.,0
5,2025-02-26,굳,0
5,2025-02-26,"꼭읽으세요
역사를 알아야합니다
한강님의 시선이 새롭네요",0
5,2025-02-26,저도 읽어보려고요,0
5,2025-02-26,좋아요 좋아요 좋아요 좋아요 좋아요 좋아요 좋아요 좋아요 좋아요 좋아요 좋아요 좋아요 좋아,0
5,2025-02-26,잘 읽었습니다.,0
5,2025-02-25,너무너무 좋은 책..,0
5,2025-02-25,감사합니다,0
5,2025-02-25,잘읽었습니다,0
5,2025-02-24,잘 읽었습니다.,0
5,2025-02-24,잘봤습니다.,0
5,2025-02-24,아이들과 읽어보려 합니다. 기대가 됩니다.,0
5,2025-02-24,그냥 마음이 아팠음 작가의 메세지가 매우 와닿음,0
5,2025-02-23,잘봤습니다.,0
5,2025-02-23,"노벨문학상 받은 한강의 소설…
읽는 내내 긴호흡하며 마음 다잡으며 읽었습니다.",0
5,2025-02-23,앞서서 나가니 산 자여 따르라,0
5,2025-02-23,다시는 이 땅에 이 소설과 같은 비극은 반복되지 않아야 한다.,0
5,2025-02-23,"한강작가님 노벨문학상 수상 축하드리며, 예전에 도서관에서 빌려 읽은 책을 이북으로도 소장!",0
5,2025-02-23,잘 봤습니다,0
5,2025-02-23,너무 안타까워요..,0
5,2025-02-23,가슴아픈 우리 현대사의 토양위에 피어난 가슴 울리는 우리 소설,0
5,2025-02-23,유명한 책이네용,0
5,2025-02-23,재미있게 잘 봤습니다.,0
5,2025-02-23,5.18 광주 민주항쟁으로 목숨을 바쳐 민주주를 지켜낸 모든 분들께 깊이 감사합니다,0
5,2025-02-23,감사합니다 지금 우리가 누리고 있는 민주주의는 어느날갑자기주어진것이아니었음을알게되었습니다,0
5,2025-02-22,한강 작가님 책을 처음 읽는데 문장과 내용 흐름이 너무 좋았습니다.,0
5,2025-02-22,재밌었어요,0
5,2025-02-22,글로 표현한 1인칭 다큐멘터리. 기억이 선명하니 화질도 좋다.,0
5,2025-02-22,그날의 기억을 다른 시선으로 보게 되었고 그들의 마음과 행동을 따라가면서 슬펐다.,0
5,2025-02-22,읽어볼 만한 책,0
5,2025-02-22,추천합니다,0
5,2025-02-21,다시 읽고 나서 (쉽지 않겠지만) 꼭 리뷰해보고 싶은 책입니다.,0
5,2025-02-21,잘 읽었습니다,0
5,2025-02-21,정말 많이 울었어요,0
5,2025-02-21,좋은 글을 항상 긴 여운을 준다,0
5,2025-02-21,잘 읽었습니다.,0
5,2025-02-21,과거의 그들이 오늘의 우리를 살렸어요,0
5,2025-02-21,잘봤어요,0
5,2025-02-21,잘 읽었습니다,0
5,2025-02-21,노벨상 받은 한강 작가의 책이 읽어보고 싶어서 구매했어요. 이북이라 저렴해서 좋아요,0
5,2025-02-21,노벨상 받을만한 책,0
5,2025-02-21,죽은 사람이 산 사람을 살리러 왔다.,0
5,2025-02-20,많은 감동을  받았어요,0
5,2025-02-20,잊지 말아야 겠어요,0
5,2025-02-20,잘 읽었습니다,0
5,2025-02-20,"기대하던 작품, 꼭 읽어야할 작품!",0
5,2025-02-20,지금 죽은 이의 덕을 본 산자들이 죽은 이를 역보이고 있습니다,0
5,2025-02-20,추천합니다,0
5,2025-02-20,문장 하나하나가 참 좋음,0
5,2025-02-20,많은 분들이 읽길 바라는 소설,0
5,2025-02-19,"6년 전에 대출해서 읽었는데, 소장해서 다시 읽고 싶어 구매했어요.",0
5,2025-02-19,"518관련서적은 처음이다
동영상으로만 보았던 그때 그사건",0
5,2025-02-19,가슴이 먹먹하다. 단어 한자한자 내려 가기가 너무 힘이 들었다. 미안합니다. 감사합니다.,0
5,2025-02-19,우리가 잊고지냇던 그시절아픔을 승화시킨 책,0
5,2025-02-19,아직 읽지않았지만 기대하고있습니딘,0
5,2025-02-18,많은 사람들이 보았으면 하는 책 입니다.,0
5,2025-02-18,뭔가 문체가 잔잔하며 음울하며 표현들이 좋았다.. 역시 문학이란 이런것..,0
5,2025-02-17,아직 아껴서 읽고 있어요,0
5,2025-02-17,채식주의자에 이어서 소년이 온다 읽습니다. 아직 초반부분 읽고있는데 좋네요,0
5,2025-02-17,재밌어요,0
5,2025-02-17,꼭 읽어보고 싶었다,0
5,2025-02-15,미안합니다. 고맙습니다.,0
5,2025-02-15,워낙 유명한분이라,0
5,2025-02-15,오랫만에 종이책 구매했는데 아이와 같이 돌려 읽어 보니 좋네요,0
5,2025-02-15,추필사하기에도 좋은 책입니다.추천합니다.,0
5,2025-02-14,잘 읽었습니다,0
5,2025-02-14,많은 생각을 하게 해 주는 소설..,0
5,2025-02-12,우리는 5.18의 기억을 잃어가고 있다. 더이상 정쟁의 도구가 안되었으면 한다.,0
5,2025-02-12,꼭 읽어야 하는 책,0
5,2025-02-12,광주의 대해서 알게 되어서 좋네요,0
5,2025-02-12,한강님의 문장은 섬세하고 강인하다.,0
5,2025-02-11,과거가 현재를 살릴 수 있을까? 죽은자가 산자를 구할 있을까? 이말이 이해되기 시작했다.,0
5,2025-02-11,잘 읽엇습니다.,0
5,2025-02-11,잊지 않겠습니다.,0
5,2025-02-10,작년에 읽고 다시 집어든 책. 또 읽어도 좋습니다,0
5,2025-02-10,노벨 문학상 작품을 원서로 읽기,0
5,2025-02-10,많은 책을 접하지 못했던 저도 글의 힘을 느낄 수 있었던 책입니다,0
5,2025-02-10,"한장 한장 넘길때마다 가슴이 먹먹해지는, 모든 국민이 읽어야 하는 책.",0
5,2025-02-10,마음이 끝없이 무거워진다,0
5,2025-02-09,읽는 내내 마음이 먹먹하고 슬펐다...,0
5,2025-02-09,좋아요.^^,0
5,2025-02-08,"잘 봤습니다.
감사합니다.
정말 소년이 오는군요...저에게로~",0
5,2025-02-07,"한강작사의 명도서.
잊지말자 518",0
5,2025-02-07,내용은 아파도 문장은 아름답네요,0
5,2025-02-07,한강작가님 작품중 처음입니다~ 잘 읽겠습니다~~,0
5,2025-02-07,눈은 강렬해지고 코 끝이 시려지며 가슴이 뜨거워지는 책,0
5,2025-02-07,"잊지 말아야 할 우리의 역사
함부로 왜곡할 수 없는 과거의 이야기",0
5,2025-02-07,재미있어요 도움이 됩니다. 추천합니다,0
5,2025-02-07,좋아요 도움이 됩니다. 추천합니다,0
5,2025-02-07,가슴이 먹먹해 오는 소설이네요.,0
5,2025-02-06,누구누구의 이야기가 아닌 잊지 말아야할 우리의 이야기,0
5,2025-02-06,요즘 같은 시대에도 꼭 읽어야 할 도서,0
5,2025-02-06,한권은 제가 소장하고 한권은 선물로 ...!,0
5,2025-02-06,"불편한 사실을 눈 앞에 마주하는 것은 힘들다.
그러나, 마주해야 한다. 1980년 그때를",0
5,2025-02-06,"핀셋처럼 뜯어보는 역사
너무나 많은 사람이 죽었다",0
5,2025-02-05,아주 좋음,0
5,2025-02-05,좋았어요,0
5,2025-02-05,과거가 현재를 구할 수 있는가에대한 한강작가의 대답이 들어있는책! 제발 모든 사람이 읽으면,0
5,2025-02-05,엄마의 주문.,0
5,2025-02-05,좋아요,0
5,2025-02-05,역시 한강 작가님이네요 ㅠㅠ,0
5,2025-02-04,잘읽었습니다.,0
5,2025-02-04,모든 사람들이 이 책을 읽었으면 좋겠습니다.,0
5,2025-02-04,수많은 사람들의 목숨으로 지켜낸  대한민국은 국민의 것임을 권력자들은 반드시 알라!!,0
5,2025-02-04,소년이 온다,0
5,2025-02-03,읽는 내내 마음이 아팠습니다.,0
5,2025-02-03,읽어 보아야 안다,0
5,2025-02-03,배송이 빨라요,0
5,2025-02-03,읽고나서 한참을 생각했습니다. 마음이 먹먹했습니다 많은 분들이 읽어봤으면 좋겠습니다~~!!,0
5,2025-02-02,한번은 읽어보아야 할 책. 소장용으로 구매했어요.,0
5,2025-02-02,잘 봤습니다,0
5,2025-02-02,만족하는 구매입니다,0
5,2025-02-02,감동적으로 읽은 소설,0
5,2025-02-02,추천합니다,0
5,2025-02-02,최고에요,0
5,2025-02-02,잔인하고 아름다운 글,0
5,2025-02-02,알지못한 과거 너무 슬픔,0
5,2025-02-02,심장 아플 정도로 압도되는 책,0
5,2025-02-02,아프지만 직면해야하는 현실,0
5,2025-02-02,다양한 관점에서 느끼는 생각과 감정을 잘 표현해준 책입니다. 읽어보심 좋은 책입니다!,0
5,2025-02-02,좋은 작품입니다.,0
5,2025-02-02,분위기의 몰입감이 뛰어납니다,0
5,2025-02-02,찰 봤어요.,0
5,2025-02-02,마지막엔 가슴이 먹먹해 책장 넘기기가 힘들었습니다. 잊지 말아야겠습니다.,0
5,2025-02-01,제목만 봐도 눈물남,0
5,2025-02-01,좋은작품,0
5,2025-02-01,잘봤습니다,0
5,2025-02-01,"한강 작가님의 노벨상을 진심으로 축하드리고, 자랑스럽습니다",0
5,2025-02-01,좋아요,0
5,2025-02-01,잘읽었습니다,0
5,2025-02-01,읽어야 할 것.,0
5,2025-02-01,추천해요,0
5,2025-02-01,너무 재밌게봤어요,0
5,2025-02-01,너무 감동적이다,0
5,2025-02-01,어머니에 슬픔이 한 가정에 슬픔이 절절히 느껴져 얼마나 울얼는지.모르겠네요.. 국,0
5,2025-02-01,한강 작가님 존경합니다.,0
5,2025-02-01,책이 좀 재미진 책은 아니지만 괜찮아요,0
5,2025-02-01,마음 아픈 이야기지만 읽어야하는 이야기입니다,0
5,2025-01-31,잘봤습니다!,0
5,2025-01-31,좋아요~ 추천!!,0
5,2025-01-31,잘 읽었습니다.,0
5,2025-01-31,잘 읽었어요,0
5,2025-01-31,재밌어요,0
5,2025-01-31,잘 봤습니다,0
5,2025-01-31,좋아요,0
5,2025-01-30,잘 읽었어요,0
5,2025-01-30,꼭 읽어야할 책,0
5,2025-01-30,재밌어요,0
5,2025-01-30,감명깊게 잘 읽었습니다,0
5,2025-01-30,필독서,0
5,2025-01-30,잘 봤습니다.,0
5,2025-01-30,아버지가 궁금해하셔서 선물 드렸어요 잘읽히네요,0
5,2025-01-30,"알고있는 내용이지만 한줄한줄 곱씹어읽어야만 ,그래야될거같은 경건한책",0
5,2025-01-30,사 놓고 아직 못 읽고 있습니다.,0
5,2025-01-30,"누군가의 희생으로 지금의 우리가 있음을 잊지말아야,,,",0
5,2025-01-29,잘 보겠습니다.,0
5,2025-01-29,그 소년을 다시 만나는 그 곳이 바로 한강 선생님의 작품입니다.,0
5,2025-01-29,"이 책 덕분에 많이 반성하게 되었습니다, 새해에 정말 좋은 선물을 받았습니다, 행복합니다~",0
5,2025-01-29,잘 받았습니다. 재밋게 볼수 있을것 같네요.,0
5,2025-01-29,감명깊게 읽었어요,0
5,2025-01-29,"잔잔하다.
잘 읽어진다.",0
5,2025-01-28,"사실이라 믿기 어려울 정도의 처참한 역사를, 우리는 반드시 기억해야만 한다.",0
5,2025-01-28,소년이 운다..,0
5,2025-01-28,여운이 크게 남는 책,0
5,2025-01-28,읽는내내 가슴이 아려와,0
5,2025-01-28,그때 그곳에 있었던 사람들을 기리며… 읽는 내내 가슴이 먹먹해졌던 글이었습니다.,0
5,2025-01-28,잘 보고 있어요~,0
5,2025-01-28,너무 유명한 작가님의 책,0
5,2025-01-28,작가의 고민이 느껴집니다. 힘들었을 그 때가 눈앞에 그려져 너무 마음이 아프네요.,0
5,2025-01-27,"감히 헤아릴 수 없는 존귀한 마음을 간접적이나마 접할 수 있어 죄송하
고 감사드립니다.",0
5,2025-01-27,슬픈 역사를 알게 되었습니다. 꼭 읽어야합니다.,0
5,2025-01-27,추천합니다.,0
5,2025-01-26,잘 받았습니다 잘 읽을게요,0
5,2025-01-26,많은 생각이 드네요,0
5,2025-01-26,잘 읽었습니다.,0
5,2025-01-25,잘봤습니다,0
5,2025-01-25,아무것도 모른채 막연히 5.18 광주 민주화 운동을 기념하던 내가 너무 부끄러워졌다.,0
5,2025-01-25,왜 노벨문학상 받으셨는지 알겠네요. 읽을 수 있게 해주셔서 감사하고 고맙습니다.,0
5,2025-01-25,너무 마음이 아프네요...,0
5,2025-01-25,좋아요,0
5,2025-01-24,좋아요.,0
5,2025-01-22,잘읽겠습니다,0
5,2025-01-22,다시는 없기를 다시는,0
5,2025-01-21,잘읽었어요,0
5,2025-01-21,기대하며 읽는 책 이예요,0
5,2025-01-21,"소년들이 있었기에 오늘 우리가 존재할수 있습니다.
고개숙여 감사드립니다.",0
5,2025-01-21,여러개의 시점이 모여있는 하나의 사건을 세세하게 볼수있는 책,0
5,2025-01-20,시대의 아픔을 문학적으로 그려내서  그 시대를 살지않은 사람들도 그 아픔을 느끼게 함,0
5,2025-01-20,한강 작가의  노벨상 수상을 계기로 책의 위대함을 다시 한번 느끼며 한강작가의 책을 읽었다,0
5,2025-01-20,역사에 무지했던게 부끄럽다는 생각과 마음이 너무 안좋지만 다시 한번 천천히 읽고 싶은 책,0
5,2025-01-20,좋아요,0
5,2025-01-20,이 복잡한 시기에 우리가 다시금 읽으며 되새겨야할 민주주의,0
5,2025-01-20,좋아요,0
5,2025-01-20,처음 읽을 때도 눈물이 나서 한참을 울었는데 다시 읽을 때도 또 울게될거 같다.,0
5,2025-01-19,좋은 책 감사드립니다,0
5,2025-01-19,좋았습니다,0
5,2025-01-19,"덤덤하게 읽으려 했으나, ...,",0
5,2025-01-18,역시 한강작가님 표현력은 이루 말할수 없네요,0
5,2025-01-18,역시 한강작가님 표현력은 이루 말할수 없네요,0
5,2025-01-17,잘 봤습니다,0
5,2025-01-17,노벨상 받은 작품이라 사게 되었는데 마음 아프고 그러네요,0
5,2025-01-17,"한강작가님 작품 중에 처음으로 읽은 소설
무거운 소재인데 집중이 잘 되어요",0
5,2025-01-16,잘 읽었습니다!,0
5,2025-01-16,너무 마음이 아픕니다 노벨상이네요,0
5,2025-01-15,기대됩니다,0
5,2025-01-15,잊지 말아야 할 역사의 한 장면을 정면으로 마주하고 거침없이 파고들어간 역작,0
5,2025-01-14,꼭 읽어야 할 ㅊ ㅐㄱ,0
5,2025-01-14,추천합니다,0
5,2025-01-14,한강 작가님의 생각을 알아 볼 수 있는 책,0
5,2025-01-14,읽어보고 싶은 책 꼭 읽어야 하는 책,0
5,2025-01-14,너무 잔인하다. .,0
5,2025-01-14,좋은 책 잘 읽었어요,0
5,2025-01-14,추천합니다,0
5,2025-01-14,한강작가의 소설 중에 반드시 꼭 봐야하는 책입니다!,0
5,2025-01-13,읽으며 마음이 아팠습니다.,0
5,2025-01-13,감히 그 고통을 헤아릴 수가 있을까,0
5,2025-01-12,한참 울었다,0
5,2025-01-12,굿,0
5,2025-01-12,"읽으면서 너무 힘들었지만, 오히려 그래서 한국인이라면 꼭 봐야 할 책이라 생각합니다.",0
5,2025-01-12,심장이 저릿하고 아프다,0
5,2025-01-12,"가슴이 먹먹해지네
슬픔으로 가득찬 
내용이라서 
끝까지 읽기가
쉽지가 않네요",0
5,2025-01-12,유명한 책이라 오래 기다려서 받았어요. 꼭 읽을게요.,0
5,2025-01-12,재밌게 잘보고 있어요~~~,0
5,2025-01-11,잘 읽었습니다.,0
5,2025-01-11,책장을 넘기기 힘든 적은 처음이었다.,0
5,2025-01-11,역사는 반복된다고 했던가요.. 최근 일을 보며 다시 읽으니 많은 생각을 하게 하네요,0
5,2025-01-11,마음 아파서 읽어나가기 힘들어요. 그렇지만 꼭 읽어내야해요.,0
5,2025-01-11,마음 아파서 읽어나가기 힘들어요. 그렇지만 꼭 읽어내야해요.,0
5,2025-01-10,한 번에 읽기 힘든 책이네요. 너무 아파요.,0
5,2025-01-10,열심히 읽어보겠습니다,0
5,2025-01-10,...,0
5,2025-01-10,많이 읽어봤으면좋겠어요,0
5,2025-01-10,너무나 힘들게 읽었습니다. 책 한 권 다 읽기가 이렇게 어려울줄은..,0
5,2025-01-10,휴지를 꽉 붙잡고 독서..,0
5,2025-01-09,좋아요,0
5,2025-01-09,먹먹해짐,0
5,2025-01-09,좋아요,0
5,2025-01-09,만족,0
5,2025-01-08,역시 노벨상의 저력 한강입니다!!!,0
5,2025-01-08,"한강작가님 책 너무 궁금해서 읽어봅니다. 
한 장 한 장 넘길때 마다 너무 가슴이 아파요.",0
5,2025-01-08,잘 읽었습니다.,0
5,2025-01-08,그저..... 가슴이 너무아파서...  책을 덮고선  눈물에 불어터진 내 얼굴을 봤다,0
5,2025-01-07,재밌어요,0
5,2025-01-07,우리가 꼭 알아야할 역사를 다시금 되짚어보며 잊지않도록 잘읽겠습니다,0
5,2025-01-07,잘 받았어요. 잘 읽어보도록 할께요,0
5,2025-01-07,마음이 저민 느낌이 아직도..,0
5,2025-01-07,소장하고 싶어서 구매했어요~^^,0
5,2025-01-07,너무너무 가슴 아프네요,0
5,2025-01-07,노벨상 원서라 소장해봅니다.,0
5,2025-01-07,다시 읽기는 너무 힘든 책...,0
5,2025-01-06,휴지 조각이 젖고 마르기를 반복하며 읽었다.,0
5,2025-01-06,슬프지만 읽어보길 잘했어요,0
5,2025-01-06,좋았습니다,0
5,2025-01-06,대한민국 국민이라면 한번쯤 읽어봐야 할 책,0
5,2025-01-06,좋아요. 적극 추천합니다.,0
5,2025-01-05,눈물이 멈추지 않는다.,0
5,2025-01-05,아직 몇 페이지 펼치지 않았는데 앞으로 전개가 기대되네요. 현실과 오버랩되어서 먹먹하기도.,0
5,2025-01-05,참으로 아픈 과거지만 잊지 말아야 할 과거입니다.,0
5,2025-01-05,꼭 읽어야할 책,0
5,2025-01-04,잘 읽겠습니더.,0
5,2025-01-04,어려워서 여러번 봐야 겠어요,0
5,2025-01-04,잊지말자고요.,0
5,2025-01-04,잘 읽었습니다.,0
5,2025-01-04,잘 읽었습니다.,0
5,2025-01-04,재미있게 읽었어요,0
5,2025-01-04,2024년 11월에 이 책을 읽은 내가 레전드. 죽은 자가 산 자를 구할 수 있는가,0
5,2025-01-04,꽁꽁 얼어붙은 한강의 위로,0
5,2025-01-04,잘 읽었습니다.,0
5,2025-01-04,기대됩니다,0
5,2025-01-04,좋아요,0
5,2025-01-03,"노벨문학상 작가 작품
시대상을 잘 표현 했네요",0
5,2025-01-03,최고에요,0
5,2025-01-03,읽기까지 용기가 필요했던.!,0
5,2025-01-03,"울컥해서 넘어가기 어려운 한 장, 한 장임에도 우리는 눈물을 삼키며 읽어야만 한다.",0
5,2025-01-03,재미있게 잘 봤습니다.,0
5,2025-01-02,굿,0
5,2025-01-02,좋은 작품 감사합니다,0
5,2025-01-02,모두가 기억해야 하는 이야기,0
5,2025-01-02,한강 작가님의 작품 추천,0
5,2025-01-02,잘읽었습니다 굿굿굿,0
5,2025-01-02,신속한 배달에 친구에게 선물하기 재구입 했습니다.감사합니다^^,0
5,2025-01-02,고통스러웠지만 추천합니다,0
5,2025-01-01,마음아프지만 꼭 읽어봐야하는 책 입니다,0
5,2025-01-01,대한민국 사람이라면 결코 잊고살아갈수 없는날 !그날을 기억하라,0
5,2025-01-01,필독 독서,0
5,2025-01-01,너무 슬프지만 꼭 읽어봐야 하는 책이 아닐까 합니다.,0
5,2025-01-01,한강작가님의 대표작 중 입문서라고도 불리는 소년이 온다를 읽고 지인에게도 선물하였습니다.,0
5,2025-01-01,마음이 마른풀 같은데 눈물은 나네요. 그 소년이 맘편히 갈 수 있는 방법은 집단기억,0
5,2025-01-01,지금의 평화가 얼마나 소중한지 알게 만들어주는 책,0
5,2025-01-01,"외면 말고 당당하게 ""마주 서기""해야 진정 극복할 수 있다",0
5,2025-01-01,새해와 함께 지금 더더욱 읽어야만 하는 이야기,0
5,2024-12-31,청소년들에게 적극 추천합니다.,0
5,2024-12-31,좋아요,0
5,2024-12-31,"한강작가님의 노벨상수상에대해 축하하는맘으로
가족모두 읽어봤네요~",0
5,2024-12-31,잊지 말아야할 이야기,0
5,2024-12-30,잘볼게요,0
5,2024-12-30,재미있게 읽었습니다,0
5,2024-12-29,지극히 고통스럽고 숨막히더라도 알아야만 하는 광주의 시간,0
5,2024-12-28,재밌어요,0
5,2024-12-28,원어로 읽을 수 있어 다행이라고 생각해요,0
5,2024-12-28,여러사람들 시점으로 쓰여있습니다. 그날의 아픔이 마음에 잔잔히 와 닿습니다.,0
5,2024-12-28,역사를 바로 알아야 똑같은 비극이 되풀이되지않습니다. 그날의 증언과 진실 그리고 아픔,0
5,2024-12-28,어머니가 읽고 싶다해서 한권 더 구매,0
5,2024-12-28,요즘 시기에 적절한 책이에요,0
5,2024-12-27,좋아요 만족합니다 굿이네요,0
5,2024-12-27,명작입니다.,0
5,2024-12-27,한강 작가님의 수상을 축하하는 마음으로 구매했습니다.,0
5,2024-12-27,작가님 말씀대로 과거가 현재를 구할 수 있는가에 대한 해답이 담겨있네요.,0
5,2024-12-27,좋은 책입니다. 표현이 와일드하지만 아름답습니다.,0
5,2024-12-27,꼭 읽어보세요,0
5,2024-12-27,감동입니다,0
5,2024-12-27,좋아요,0
5,2024-12-26,아이 학원 필독서라 같이 읽으려고 구매했어요~,0
5,2024-12-26,아내가 좋아해요. 노벨문학상 한강 작가 도서 보기 입문작,0
5,2024-12-26,"어떤 말로, 무슨 평을 할 수 있을까?
그저 작가가 전하는 그 순간들을 생생히 경험하다.",0
5,2024-12-25,"아프게 읽어 내려간 책, 모두 꼭 보셨으면 좋겠습니다.",0
5,2024-12-25,광주의 그 날... 우리 모두 기억해요,0
5,2024-12-25,읽는 내내 가슴의 먹먹함이 지워지지 않네요...,0
5,2024-12-25,동시대를 살아왔지만 이 책을 통해 그곳의 아픔을 뼈 시리게 느꼈습니다,0
5,2024-12-24,잘 읽었습니다.,0
5,2024-12-24,아직 못 읽었는데 기대됩니다,0
5,2024-12-23,한번쯤 읽어봐야할 책,0
5,2024-12-23,한강님책은 무조건 읽어야죠 번역본도 아니고 원서니 당연한거아니겠습니까,0
5,2024-12-23,너무나 좋은 책입니다,0
5,2024-12-23,미루고 미루다 더이상 미룰 수 없어 읽기로 마음 먹은 책. 같이 읽어요.,0
5,2024-12-23,글에서 생명력이 느껴지는 것 같은 한강작가의 뛰어난 표현력이 돋보이는 책!,0
5,2024-12-23,눈물을 닦아도 곧바로 다시 차올라서 글자들이 흔들려요 그래서 못읽어요,0
5,2024-12-22,좋아요,0
5,2024-12-22,마음이 아프지만 대한민국 국민이라면 읽어야 할 책,0
5,2024-12-22,역사적 사실 더하기 어떤 인간으로 살것인가…인간의 본질에 대해 깊이 생각하게 하는 책,0
5,2024-12-22,먹먹해진다.,0
5,2024-12-22,몰입도 최강의 ... 역시나 라는 생각이 든다. 책을 열때보다 닫을때 더 감탄하게된다,0
5,2024-12-21,2024.12.3.계엄의 날 ♡우리를 살린 것은 '소년이 온다'였습니다. 죽은자가 산자,0
5,2024-12-21,내용이 좋아요… 추천합니다,0
5,2024-12-20,"좋아요. 필체도 독특하고
추천합니다",0
5,2024-12-20,5.18은 마치 가정폭력 같다. 믿고 의지했던 가장에게 끝임없이 두들겨 맞고 유린되다가 죽,0
5,2024-12-20,너무 힘들고 많이 울었습니다. 그치만 모두가 봐야하는 이야기입니다.,0
5,2024-12-20,지금 다시 읽어야 할 작품입니다,0
5,2024-12-20,읽는동안 가슴이 먹먹해졌습니다...,0
5,2024-12-20,"오늘날 이 시점에서 너무나 현실같은 소설, 외면하고 싶지만 외면해서는 안되는",0
5,2024-12-20,잘못된 사상으로 지배당한 인간은 어디까지 잔인할 수 있는걸까...,0
5,2024-12-20,도움이 됩니다 추천합니다,0
5,2024-12-19,읽기 전부터 마음이 아픈 책은 처음이에요. 그날의 광주를 잊지 않기 위해 읽으려 합니다.,0
5,2024-12-19,오열하는 너의 모습이 곧  나의모습으로 44년만에 다시 태어나는순간입니다,0
5,2024-12-19,역사의 한 순간을 공유하게 하며 기억해야 할 의무감을 느끼게 해 주는 채입니다.,0
5,2024-12-19,잘봤습니다.,0
5,2024-12-19,소년이 오듯 세상이 사람이 오고 있는 요즘이다. 부디 무사히 왔으면 좋겠다.,0
5,2024-12-19,가슴아픈 역사를 가슴에 한번더 새깁니다,0
5,2024-12-18,잘봤습니다,0
5,2024-12-18,덤덤한 문체 속 술술 읽혀지는 것이 미안할 정도로 슬픔이 가득했던 이야기,0
5,2024-12-18,감사합니다. 많은 생각을 하게 하는 작품입니다.,0
5,2024-12-18,2024년 노벨문학상 수상 작가 작품,0
5,2024-12-18,너무 아프고 안타까운 역사다 우린 늘 이런 일상적인행복을 감사히누려야한다~자녀들도 알아야한,0
5,2024-12-18,좋아요..,0
5,2024-12-18,잔잔한 이야기인데 이렇게 마음이 저릴 줄이야...,0
5,2024-12-18,책을 읽는 내내 정말 펑펑 울었다.,0
5,2024-12-17,슬프다,0
5,2024-12-17,가슴이 먹먹하네요,0
5,2024-12-17,잘 읽었습니다.,0
5,2024-12-17,너무나 감사합니다. 좋은내용입니다.,0
5,2024-12-17,지금의 봄이 당연하지 않음을 잊지 않겠습니다,0
5,2024-12-17,2024년 필독서 인 것 같습니다.,0
5,2024-12-17,아름답기도 아프기도 슬프기도 했어요,0
5,2024-12-17,읽었지만 소장하고 싶어 구입했다.,0
5,2024-12-17,책읽으며 울어본건 사춘기 이후 처음입니다. 작가님께 감사드립니다.,0
5,2024-12-16,소장하고싶어서  샀어요,0
5,2024-12-16,"현 시국 가장 읽어보아야 할 책인것 같습니다.
책은 영화나 다큐와는 다른 몰입감을 준다..",0
5,2024-12-16,이시기에 꼭 한 번 읽고 싶었습니다,0
5,2024-12-16,대단해요,0
5,2024-12-16,한강 작가의 필력이 잘 드러난 작품입니다. 항상 응원합니다! 감사합니다!,0
5,2024-12-16,"꽃 핀 쪽으로. .
분명하게  읽을량으로  다시 보지만  늘 분명하지  않다     눈물때",0
5,2024-12-16,이 시국에 꼭 읽어 봐야 할 책이라고 생각해요,0
5,2024-12-16,꼭 읽어야 할 책이죠.,0
5,2024-12-16,소년이 온다. 세상이 온다,0
5,2024-12-16,부디 지옥이 있기를,0
5,2024-12-15,잘 읽었습니다,0
5,2024-12-15,정말 좋은 내용 입니다,0
5,2024-12-15,"지금 내가 누리는 평화로운 일상은 이렇듯 싸워낸 분들 덕분이구나
공동체의식, 연대의 중요성",0
5,2024-12-15,가슴 아픈 역사의 이야기,0
5,2024-12-15,잘 읽었습니다,0
5,2024-12-15,읽기 힘들지만 읽어야할 소설이었습니다,0
5,2024-12-15,역사는 국어 만큼이나 중요하다.,0
5,2024-12-15,아픈 시국에 조용한 슬픔을 느끼게 해준 책...어리고 약한 영혼들에게 평화와 위로를 드립니,0
5,2024-12-15,이렇게 글을 쓸 수 있는 건 한강 작가 밖에 없습니다.,0
5,2024-12-15,꼭 읽어야하는 소설,0
5,2024-12-15,가슴을 울리는 이야기...,0
5,2024-12-15,슬픈 이야기. 다시는 반복되지 않기를...,0
5,2024-12-15,마주하기 힘들다고 외면하면 안되는 알아야할 그 시절의 이야기입니다,0
5,2024-12-15,"쉽게 한번에 읽는 책은 아니네요.
슬프고 아프고 아껴서 읽는중입니다.",0
5,2024-12-15,다시한번 생각해보게 만드는 책… 감사합니다,0
5,2024-12-14,해외에서 지인요청으로 먼저 구매해준 책입니다. 저도 읽어볼 예정.,0
5,2024-12-14,가슴 아픈 우리의 과거이야기~~~,0
5,2024-12-14,"평범한 사람들, 평범해야했던 날들이 사라지는 순간이 너무 아프다.",0
5,2024-12-14,한강작가님 노벨문학상 수상기념으로 고등 딸래미 사줬어요..좋아하네요^^,0
5,2024-12-14,노벨상 소식을 듣고 읽게 되었는데 너무 감명깊에 읽었습니다.,0
5,2024-12-14,읽이보려고 구매했어요,0
5,2024-12-14,읽는내내 가슴 아프지만 꼭 읽어야만 했던 소설,0
5,2024-12-14,2주간 느꼈습니다. 우리는 그날의 광주를 잊지 않고 있다.,0
5,2024-12-13,이제야 제대로 마주보는 진실,0
5,2024-12-13,몇년전 채식주의자를 읽고 이번엔 소년이 온다를 읽었어요. 너무 가슴아프고 슬프네요.,0
5,2024-12-13,한강 작가님 자랑스럽습니다,0
5,2024-12-13,어두운 시대를 지나고 있는 우리에게 희망을 주셔서 감사합미다,0
5,2024-12-12,잘 읽었습니다,0
5,2024-12-12,읽어보길 잘했네요. 굿,0
5,2024-12-12,많은걸 떠올리면 또 읽었습니다 애잔함이 마음이 저며옵니다,0
5,2024-12-12,"오월 광주의 기억과 함께 소년 동호는 꼭 돌아온다
-문재학 열사 기억할게요",0
5,2024-12-12,노벨상 수상작들 읽어보기중입니다.,0
5,2024-12-12,"이제 읽기시작합니다. 첫장부터
한강작가님의 느낌이 그대로 전해지네요",0
5,2024-12-12,한강님의 언어를 사용한 민중의 역사기록서,0
5,2024-12-12,우리는 잊지않고 기억함으로써 값을 치뤄야 한다.,0
5,2024-12-11,작가님 노벨문학상 수상 축하드려요♡,0
5,2024-12-11,마음이 너무 아파서 완독하기가 힘들었지만 우리가 꼭 알아야 할 이야기입니다.,0
5,2024-12-11,정말 잘읽었습니다,0
5,2024-12-11,너무 슬펐어요,0
5,2024-12-11,잊지 말아야 하는 그날의 기억.,0
5,2024-12-11,좋습니다,0
5,2024-12-11,잘봤습니다,0
5,2024-12-11,작가님의 소설이 많은 이들에개 읽혀지길,0
5,2024-12-11,좋았습니다.,0
5,2024-12-11,"그날의 시간을 숨죽여 읽고 느꼈다..
외면받지 말아야 할 시간
다시는 있어서는 안될 시간",0
5,2024-12-11,재밌게 잘봤습니다.,0
5,2024-12-11,슬픈 역사의 한 조각을 가지고 작가가 훌륭한 보자기로 엮어냈다.,0
5,2024-12-11,잘 읽었습니다.,0
5,2024-12-11,절대잊지않겠습니다,0
5,2024-12-11,이 시국이라 더 와닿게 된 이야기,0
5,2024-12-11,충격적인 소식을 듣고 책을 다시 펼쳤다. 이렇게 반복이 되는구나,0
5,2024-12-10,울림이 있는 이야기,0
5,2024-12-10,지금 다시 봐야할 책. 축하합니다,0
5,2024-12-10,2024년을 살아가면서 꼭 읽어보았으면 하는 책..,0
5,2024-12-10,잘 읽었습니다,0
5,2024-12-10,책을 통해 자유롭게 누린 내삶의 자유가 부끄러워진다..좀더 부지런히 최선을 다하지못함이 부,0
5,2024-12-10,꼭 읽어야 할 책...,0
5,2024-12-09,좋아요,0
5,2024-12-09,가슴아픈 역사를 피하지 않으려고 마주했습니다,0
5,2024-12-09,좋아요,0
5,2024-12-09,꼭 읽어봐야 하는 책,0
5,2024-12-09,잘봤습니다,0
5,2024-12-09,분노와 슬픔으로 한번에 읽기 힘들어 울다 멈추고 울다 멈추며 겨우 읽어냈습니다.,0
5,2024-12-09,꼭 읽어봐야할 소설,0
5,2024-12-08,"처음에는 이게 뭐지 싶었는데
독특한 문체에 점점 빨려들어가 재미있게 읽었습니다",0
5,2024-12-08,꼭 읽어봐야 하는 책,0
5,2024-12-08,"디딤돌 초등수학 기본+응용 3-1 (2025년) [ 2022 개정 교육과정 ]
편집부 저",0
5,2024-12-08,앞으로도 많이 역사에 관심을 가지는 계기가 되었습니다. 감사하고 늘 잊지 않겠습니다.,0
5,2024-12-08,좋은 내용 잘 읽었습니다,0
5,2024-12-08,당장 와닿아야 현실임을 느끼지만 어떤 것들은 너무 믿기가 어려워 지금 겪고 있지만 깨닫지,0
5,2024-12-08,"가슴아픈이야기 이지만, 기억되어야하는 이야기",0
5,2024-12-08,한국인이라면 읽어봐야할 책.,0
5,2024-12-08,가족 모두가 함께 읽어보려고 구매했네요~!,0
5,2024-12-07,꼭 읽어야 할 책입니다,0
5,2024-12-07,역시~~~라는 감탄이 나오는 책~~,0
5,2024-12-07,슬프지만 잔잔한 감동 요즘 지인들에게 선물하는 책,0
5,2024-12-07,"훅 들어온 감정을 어떻게 표현해야할지 모르겠네요.
이런 마음은 오래갈 듯합니다.",0
5,2024-12-07,이작품을읽으며 다시한번많은생각에잠긴다,0
5,2024-12-07,청소년에게도 추천. 마음이 너무 무겁지만 잊지 말아야 할 일들..,0
5,2024-12-07,너무 궁금했던 얘기들이 담겨있어요,0
5,2024-12-07,잘 읽었습니다.,0
5,2024-12-07,멈출수 없는 소용돌이 그안에서 나를 찾으려는 존재의 회귀,0
5,2024-12-06,재밌습니다,0
5,2024-12-06,한강 작가님  작품  중에서  제일 좋아하는  작품이에요,0
5,2024-12-06,"믿고 볼 수 있는 작품으로, 노벨상도 인정했기에 추천합니다.",0
5,2024-12-06,도움이 됩니다 추천합니다 좋습니다.,0
5,2024-12-06,힘들어도 직시해야 한다. 살아가는 것은 죽어가는 것들로 이루어진다,0
5,2024-12-06,"가슴이 먹먹해 지네요. 기억하겠습니다.
 그날의 그대들을~~",0
5,2024-12-06,잘 읽었습니다,0
5,2024-12-05,그때의 아픔이 생생하게 느껴져서 슬프고 무서웠어요 잘봤어요,0
5,2024-12-05,잘봤습니다.,0
5,2024-12-05,묵직하게 전해지는 책,0
5,2024-12-05,노벨상 수상 축하드립니다,0
5,2024-12-05,너무나 아픈 책,0
5,2024-12-05,"아이와 함께 읽었습니다.
소설을 이끌어가는 시점이 특이하다는 아이의 감상평과함께 저도강추",0
5,2024-12-05,"아이와 함께 읽었습니다.
소설을 이끌어가는 시점이 특이하다는 아이의 감상평과함께 저도강추",0
5,2024-12-04,잘 읽었습니다,0
5,2024-12-04,책을 읽고 마음이 무겁고 아팠다,0
5,2024-12-04,읽는 내내 가슴 저몄습니다.,0
5,2024-12-04,"노벨문학상 수상한 작가의 도서를 원서 그대로 읽을 수
있음에 감사합니다.",0
5,2024-12-04,재미있게 읽었습니다.,0
5,2024-12-04,너무 마음아프고 너무 슬프네요,0
5,2024-12-04,가슴아프고 슬픈 이야기이자 우리가 잊지 말아야 할 이야기,0
5,2024-12-03,좋아요.,0
5,2024-12-03,교과서 안 글자들로 딱딱하게 다가왔던 5.18 운동이 살아 움직이듯 나에게 밀려 들어왔다,0
5,2024-12-03,소년이온다....,0
5,2024-12-03,아직 읽어보진 않았지만 기대되네요,0
5,2024-12-03,그 날의 광주에 내가 서 있는 느낌,0
5,2024-12-03,글이 섬세하고 감정의 표현력이 달랐다,0
5,2024-12-03,잘읽었습니다,0
5,2024-12-03,한국인이라면 꼭 읽어봤으면 하는 책,0
5,2024-12-02,가장 끌리는 책~,0
5,2024-12-02,부모님이 읽으셨는데 보면서 마음이 많이 아프셨다네요..,0
5,2024-12-02,작가님의 소설 너무 감사합니다,0
5,2024-12-02,사실 한장 판장을 넘기기가 힘듭니다. 이 아픈 이야기를 작가님은 어떻게 써내려갔을까요.,0
5,2024-12-02,그들이 있어 지금이 있다.,0
5,2024-12-02,생각을 많이 하게 되는 책이었습니다.,0
5,2024-12-02,한강 님 소설은 한 구절 한 구절 소름이 돋아요,0
5,2024-12-02,아픈 역사를 기록해주셔서 감사합니다,0
5,2024-12-02,잘 읽었습니다,0
5,2024-12-01,최고예요,0
5,2024-12-01,가슴아픈 우리나라의 과거사를 다시 한번 돌이켜보게힌 책!,0
5,2024-12-01,잊지말아야할 우리의 역사..,0
5,2024-12-01,마치 80년 5월 광주에 있는 듯 한 몰입감,0
5,2024-12-01,현재 내 삶에 감사해야 한다는 생각이 듦,0
5,2024-12-01,"내 자식이었다면.. 내가 저시대에 살았다면..
끔찍하다는생각이...",0
5,2024-12-01,"한글로 읽는 노벨문학상 작품 읽는맛
5.18을 공산당 어쩌구 하는 사람들
짜증맛은 서로 간",0
5,2024-12-01,선물해드렸어요 좋아하세요,0
5,2024-12-01,다시 읽어 본다. 가슴이 먹먹해졌다. 비러먹을 지금이시대가,0
5,2024-12-01,추천합니다,0
5,2024-12-01,선배님의 노벨문학상 수상을 진심으로 축하드립니다,0
5,2024-12-01,선배님의 노벨문학상 수상을 축하드립니다,0
5,2024-12-01,"80년 그때 무슨 일이 있었는지 후세는 반드시 알아야하고, 그 역사를 책과함께한다.",0
5,2024-12-01,이 책 또한 그 날을 기억하고 되새기는 방식이자 역사가 될 것 같습니다,0
5,2024-12-01,기대됩니다. ㅎㅎ,0
5,2024-12-01,"노벨문학상 수상전부터 관심있던 작가분이라 ?책 구입후 ?읽고 ?있었습니다.
잘 봤습니다.",0
5,2024-12-01,광주 시민으로서 반드시 머리와 가슴에 새기고 기억해야 할 책이다.,0
5,2024-12-01,너무 슬픈 이야기 다. 민주주의에서 살아가는 사람이라면 반드시 읽어야 한다,0
5,2024-11-30,마음이 아파요,0
5,2024-11-30,책이 이렇게 고통스러울수도 있는건지 처음 알았습니다.,0
5,2024-11-30,만족해요. 추천합니다!!,0
5,2024-11-30,감사합니다.,0
5,2024-11-29,작가님 작품 도장깨기중입니다.,0
5,2024-11-29,하... 가슴이 먹먹하네요,0
5,2024-11-28,너무 잘읽었습니다,0
5,2024-11-28,꽃이 된 소년이 다시  핀다,0
5,2024-11-28,"80년  친구들은
광주에 동원되고  B대 캠퍼스 주둔군에게
헛발할때 한소년은 꽃이되었다",0
5,2024-11-28,구매 후 미루고 미루다 읽고 더 빨리 읽지 않은 걸 후회했어요. 재밌다는 표현이 무례할..,0
5,2024-11-28,슬프지만 강한 이야기,0
5,2024-11-28,아직 읽어보진 않았는데 한강 작가님 책이라 사봤어요,0
5,2024-11-28,"한강 작가님, 오랜만에 책을 읽게 해주셔서 감사합니다.",0
5,2024-11-28,"교과서에서나 봤던, 막연했던 사건이 이렇게 생생한 아픔으로 다가오다니.",0
5,2024-11-28,노벨상 수상 후 다시 읽고 가족과 같이 읽고 나눔하려 합니다,0
5,2024-11-28,다시 생각하며 볼 수 있었어요,0
5,2024-11-27,정말.. 최고입니다,0
5,2024-11-27,호남비하혐오의 시대에 꼭 읽어야 하는 책,0
5,2024-11-27,제정신으로 읽을 수 없는 책,0
5,2024-11-27,가슴아프네요 ㅜㅜ,0
5,2024-11-27,잘 읽었습니다,0
5,2024-11-26,잘 읽었습니다,0
5,2024-11-26,평생 그림이있어야 글을읽었던 저를 처음으로 글만보게한 첫소설입니다,0
5,2024-11-25,만족합니다 추천합니다,0
5,2024-11-25,잘 읽었습니다.,0
5,2024-11-25,진짜 가슴으로 쓴 글....마지막 장에서도 한참을 머물렀습니다.,0
5,2024-11-25,잘봤어요,0
5,2024-11-25,제목부터 의미심장합니디.,0
5,2024-11-24,재밌게 보았습니다,0
5,2024-11-24,먹먹했습니다. 여운이 기네요.,0
5,2024-11-24,"칙칙한 표지 디자인이 못 마땅했는데, 책을 읽으니 디자인에 너무 공감이 된다.",0
5,2024-11-24,마음이 힘들다.......,0
5,2024-11-24,잊지 말아야하는 일이라고 생각합니다,0
5,2024-11-24,진혼곡,0
5,2024-11-24,그들의 마음을 이해하게 되는 책이다,0
5,2024-11-24,잊혀질뻔한 역사를 알려주셔서 감사합니다. 고인의 명복을 빕니다.,0
5,2024-11-23,감사합니다,0
5,2024-11-23,역사적 사실의 나열보다 어떻게역사가 인간을 무참히 짓밟고 훼손시킬수 있는지에 더 집중한책,0
5,2024-11-23,항상 감사하며 살 것. 누리고 사는 것들이 당연하지 않다는 것,0
5,2024-11-23,몇번을 읽어도 아프고 힘들지만 꼭 알아야할 이야기.,0
5,2024-11-23,잘봤습니다,0
5,2024-11-23,이 책를 읽어도 사실을 왜곡할 수 있을까?,0
5,2024-11-23,영화 한 편을 본 듯 생생한 현장감이 느껴지는 소설입니다. 많이 먹먹했네요.,0
5,2024-11-23,모두가 알았으면 하는 이야기를 가진 책,0
5,2024-11-23,동호..,0
5,2024-11-23,잘 봤습니다,0
5,2024-11-23,인간이므로 존중받아야 할 최소한의 권리..랄까? 그것을 느끼게 해 준 책.,0
5,2024-11-23,우리나라 분이 상을 받은게 제가 받은것처럼 너무 영광스럽습니다.,0
5,2024-11-22,"전국 초/중/고 학생들이 80년5.18을 이 책으로
읽고 배웠으면 좋겠다.^^",0
5,2024-11-22,좋아요,0
5,2024-11-22,5.18사건을 잊지않게 해줘서 감사드립니다.,0
5,2024-11-22,잘 읽었어요,0
5,2024-11-21,518을 다 알고 있었다고 생각했는데 그게 아니었다. 눈물이 계속 흐른다.,0
5,2024-11-21,제발 모든 사람이 다 이 소설을 읽어봤으면 합니다. 너무 가슴 아파서 목이 메이네요.,0
5,2024-11-21,잘 읽었습니다~,0
5,2024-11-21,잘 읽었습니다~,0
5,2024-11-21,"기억해야 할 역사를 다시 새겨주는 책이며, 헛소리 하는 정치인들에게 읽혀야 할 책.",0
5,2024-11-21,1980년 5월을 살았던 모두에게 바치는 책.,0
5,2024-11-21,노벨문학상 자랑스러워요,0
5,2024-11-21,잘 읽었습니다,0
5,2024-11-20,꼭 읽어 보고 싶었어요~~,0
5,2024-11-20,누군가의 슬픔은 결코 가볍지 않다.,0
5,2024-11-20,잘봤습니다~,0
5,2024-11-20,잘 읽었습니다.,0
5,2024-11-20,보기도 전에 마음이 슬퍼요.,0
5,2024-11-20,속독 그 후에 다시 읽을 때는 한자 한자 꾹꾹 눌러서 읽다보면 더 잘 보입니다,0
5,2024-11-20,재미있어요,0
5,2024-11-19,한줄 한줄 가슴에 새기며 읽겠습니다,0
5,2024-11-19,잘 읽었습니다.,0
5,2024-11-19,어려웠지만 잘 읽었습니다.,0
5,2024-11-19,가슴시리게 세세한 묘사들에 눈물을 흘릴수도 한번에 다 읽을수도  없는 책이었다.,0
5,2024-11-18,읽어야 하는 책,0
5,2024-11-18,이제 우리 시대가 뒷세대에게 남기는 고전이 될 운명인 책.,0
5,2024-11-18,먹먹하다는 표현으로 모자르겠죠… 잘 읽었습니다,0
5,2024-11-18,이제라도 읽어서 다행,0
5,2024-11-18,작가님의 작품을 소장하게 되어 영광입니다.,0
5,2024-11-18,10년 전에 읽었었지만 다시 읽어도 좋은 책,0
5,2024-11-18,그날의 광주에 그 순간에 내가 함께 있는 것 같았다. 뭉클하다,0
5,2024-11-18,잘 읽었습니다,0
5,2024-11-17,잘읽었어요,0
5,2024-11-17,잘봤어요,0
5,2024-11-17,선물용으로 구입했어요,0
5,2024-11-17,선물용으로 구입했어요,0
5,2024-11-17,인생 소설이 됐다.,0
5,2024-11-17,재미있게 읽었습니다!,0
5,2024-11-17,잊지 말아야 할 이야기,0
5,2024-11-17,작가의 고통과  유족분들의 남모른 슬픔과 아픔이 책에  고스란이 담겨 있어 더욱 아프네요.,0
5,2024-11-17,시대역사를 아이와 함께 이야기해보았어요~~,0
5,2024-11-17,자꾸 곱씹게 되는 글들이 많았어요. 정말 좋았습니다.,0
5,2024-11-17,노벨문학상 축하드립니다,0
5,2024-11-17,강추합니다.,0
5,2024-11-16,슬프고 처량해진다. 들끓는 분노가 용솟음친다.,0
5,2024-11-16,"잘구성된 한편의 다큐멘터리를 본거 같아요
보는 내내 먹먹하네요",0
5,2024-11-15,노벨상 수상기념으로 구매해서 읽기 시작했는데 맘이 먹먹하네요,0
5,2024-11-15,잘 읽었습니다.,0
5,2024-11-15,말도 안 되게 슬프다,0
5,2024-11-15,"쓰면서 많이 울었다는 작가의 말...
저는 읽으면서 많이 아팠습니다.",0
5,2024-11-15,유익해요,0
5,2024-11-14,"귀로만 들어오던 이야기, 눈으로 보게되어 더욱 잔혹해진 아픔",0
5,2024-11-14,감사합니다   실상을 느끼게 해주셔서,0
5,2024-11-14,잘 읽었습니다.,0
5,2024-11-14,슬픈역사를 정묘하게 표현,0
5,2024-11-14,노벨상 수상작을 원서로 읽다니♡,0
5,2024-11-13,좋아요,0
5,2024-11-13,잘 읽었습니다,0
5,2024-11-13,원서로 읽는 노벨문학상,0
5,2024-11-13,추천합니다,0
5,2024-11-13,올해 읽은 소설중 베스트5다,0
5,2024-11-13,큰아이가 읽고싶다고 해서 구매했습니다. 저는 다음에 볼 생각입니다.,0
5,2024-11-13,여전히 해결하지 못한 슬픈 역사,0
5,2024-11-13,잊지 말고 기억해야겠습니다. 지금 제가 누리는 삶을 당연히 생각하지 않고 감사하겠습니다.,0
5,2024-11-13,밤에 읽다가 펑펑 울었네요,0
5,2024-11-12,잊지 말아야 할 역사적 아픔....,0
5,2024-11-12,잊지말아야 할 역사. 노벨상 진심으로 축하드립니다~,0
5,2024-11-12,"소년이 온다
 울면서 읽었던 기억이 있어서 다시 주문합니다...",0
5,2024-11-12,누구나 읽어봐야한다고 생각합니다. 소설 읽고 관련 역사도 더 공부했어요,0
5,2024-11-12,추천합니다.,0
5,2024-11-12,우리 나라가 저지를 가장 잔인한 살인.,0
5,2024-11-12,한강작가님 노벨문학상 축하드립니다,0
5,2024-11-11,선물용으로 구입했어요,0
5,2024-11-11,가슴이 먹먹해집니다,0
5,2024-11-11,우리가 꼭 봐야할 책,0
5,2024-11-11,빨리 읽고싶어요,0
5,2024-11-11,아픈 역사를 잊지말고 기억하자,0
5,2024-11-11,대한민국의 글의 힘을 느낄수 있는 멋진 책입니다.,0
5,2024-11-10,가슴이 아퍼서 여운이 오래가네요,0
5,2024-11-10,노벨문학상 수상작가 무슨말이 더 필요하겠습니까. 감동하기에 전부 구매해 보았습니다,0
5,2024-11-10,세월이 흘러도 우리는 잊지 말아야 합니다,0
5,2024-11-10,잊지 않고 살아가겠습니다,0
5,2024-11-10,지금에서야 이 작품을 본 내 자신이 부끄럽습니다.,0
5,2024-11-09,너무 잘읽었어요,0
5,2024-11-09,"5월 광주를 나는. , 우리는 직면하지 못하고 있다.",0
5,2024-11-09,"소중한 글 잘 읽었습니다.
아팠을텐데 애 쓰셨습니다.",0
5,2024-11-09,좋은 글을 써주셔서 감사합니다,0
5,2024-11-09,"한 생을 살아간다는건 역사의 순간들이 이어졌기에 가능하다.
누군가의 아픔까지도 이어졌기에.",0
5,2024-11-09,알아야 합니다 ㅠ,0
5,2024-11-09,직설적이지만 시적인 표현방식,0
5,2024-11-09,잘 읽었습니다,0
5,2024-11-09,너무  슬프다,0
5,2024-11-09,잘 봤습니다,0
5,2024-11-09,"슬픈 역사를 외면하며 살아온 것을 반성하며, 지난 아픔을 되새기며 내일의 희망을 꿈꾸고싶다",0
5,2024-11-09,그냥 부끄럽고 두려웠다  나라면..나였다면이라는 가정법을 쓰기가. 무서웠다,0
5,2024-11-09,노벨상 축하드려요!!!!!,0
5,2024-11-08,이제 한국에선 굳이 말을 보탤 필요가 없는 책이 되겠지,0
5,2024-11-08,많은것을 생각하게 하는 책,0
5,2024-11-08,좋은 작품입니다.,0
5,2024-11-08,"국민학교 3학년이었던 저의 기억이  너무나 생생하게 제 앞에 펼쳐졌습니다.
눈믈이 납니다.",0
5,2024-11-08,문학의 힘이란 이렇게 강합니다.,0
5,2024-11-08,잘 읽었습니다,0
5,2024-11-08,추천합니다,0
5,2024-11-08,정의파,0
5,2024-11-08,읽기전이지만 너무기대됩니다.,0
5,2024-11-08,너무나 먹먹함,0
5,2024-11-07,잘 읽었습니다,0
5,2024-11-07,소재 때문인지 읽기가 좀 두려웠지만 읽은 게 절대 후회되지 않는다....,0
5,2024-11-07,너무 슬프다,0
5,2024-11-07,"어금니를 꽉물고 읽었습니다..
고맙습니다",0
5,2024-11-07,국가에 대해 생각해 보는 시간이었다,0
5,2024-11-07,새로운 깨달음을 주는 책이네요,0
5,2024-11-07,잊어서는 안될 우리들의 이야기~,0
5,2024-11-07,잘봤습니다,0
5,2024-11-07,6장 읽다가 오열했어요.. 진짜 지금 제 삶에 감사합니다,0
5,2024-11-06,민주화 항쟁을 다시 한번 상기시켜주는 작품,0
5,2024-11-06,읽을 가치가 있는 책 잘 읽었습니다.,0
5,2024-11-06,마음이 아파서 읽는게 쉽지가 않다,0
5,2024-11-06,노벨문학상 수상을 진심으로 축하드립니다,0
5,2024-11-06,"한강작가님!잊지말아야 할 그날을, 그들의 피와 땀을, 문학으로 남겨주셔서 감사합니다.",0
5,2024-11-06,기대됩니다,0
5,2024-11-06,노벨문학상 수상을 축하드립니다!,0
5,2024-11-06,잘읽었습니다,0
5,2024-11-05,노벨문학상 수상을 축하 드립니다,0
5,2024-11-05,"기대됩니다!!
잘읽어 보겠습니다!!",0
5,2024-11-05,"2주기다려서 받았네요, 가족이 같이 돌려가며 읽을겁니다.",0
5,2024-11-05,내 마음속 동호는 살아 있을까?,0
5,2024-11-05,좋아요,0
5,2024-11-05,좀 늦게 받았지만 무사히 받았고 잘 읽었습니다,0
5,2024-11-05,한강작가의 노벨상수상 이후 역시 책을 읽는것이 인생에 많은 도움을 준다는 사실을 떠올립니다,0
5,2024-11-05,이전에는 몰랐던 작가를 노벨상 통해 알게되어 기뻐요,0
5,2024-11-05,읽기를 조금이라도 망설이는 분이 없기를 바라봅니다.,0
5,2024-11-05,힘 있고 유려한 문체와 찔림,0
5,2024-11-05,잘 읽었습니다,0
5,2024-11-04,단지 재미있다고 말하기가 미안한 책이네요. 너무나 큰 여운이 남는 가슴아픈 책입니다.,0
5,2024-11-04,현재 민주주의 발언 표현의 자유가 잇기까지 노력한 한 민주화사건중 하나를 다룬 책 입니다.,0
5,2024-11-04,자기개발 방법 알려주거나 경제관련 책이 아니라 현대사 민주화 역사서 입니다.,0
5,2024-11-04,한강작가님책 주문해봅니다 기대됩니다!!!,0
5,2024-11-04,소장하고 싶어서 주문합니다 한강작가님 위대합니다 수상축하하고 아이에게도 나중에 크면 읽으라,0
5,2024-11-04,좋아요,0
5,2024-11-03,잘읽었습니다,0
5,2024-11-03,꼭 읽어야 할 책으로 추천합니다,0
5,2024-11-03,노벨문학상의 수상,0
5,2024-11-03,잘 읽었습니다.,0
5,2024-11-03,잘봤습니다,0
5,2024-11-03,잘 봤습니다.,0
5,2024-11-03,잘 읽었습니다,0
5,2024-11-03,인상깊게 읽었어요. 아직 읽지않은 사람이 있다면 꼭 추천하고 싶은 책.,0
5,2024-11-03,가슴이 먹먹해지는 소설,0
5,2024-11-03,잘 읽었습니다,0
5,2024-11-02,고통을 참으며 진실을 마주했을 작가님과 진실을 증명해 준 모든 분들께 존경을 표합니다.,0
5,2024-11-02,잘 읽었습니다.,0
5,2024-11-02,멋져요,0
5,2024-11-02,지나간 사실을 바꿀수는 없습니다. 글을 읽고 다시는 있어서는 안되는 일입니다....,0
5,2024-11-02,좋아요,0
5,2024-11-02,추천합니다,0
5,2024-11-02,많이 기다렸어요,0
5,2024-11-02,슬프고도 힘든 이야기를 먹먹하면서도 아름답게 써내신 작가님의 필력에 박수를!,0
5,2024-11-02,쓰리고 아픈 마음으로 읽고 있습니다.,0
5,2024-11-02,마음이 무겁지만 꼭 보시면 좋을것 같습니다,0
5,2024-11-02,"생생한 묘사와 함께 밝혀지는 그 날의 참상, 그리고 현재 진행중인 끝나지 않은 이야기",0
5,2024-11-02,추천합니다,0
5,2024-11-02,역사고. 훗날 우리에 표현자유 발언의 자유를 가지게 한 희생당한 사람들의 이야기입니다.,0
5,2024-11-02,드디어 읽습니다.,0
5,2024-11-02,"한강 작가님의 책은 국어교과서에 실어야 합니다
모든 학생들이 읽어야 할 필독서 입니다",0
5,2024-11-01,잘읽었습니다,0
5,2024-11-01,꼭 읽어봐야 할 책!,0
5,2024-11-01,아픈 역사는 반드시 기억해야 한다. 작가에게 감사드린다.,0
5,2024-11-01,가슴이먹먹해지네요.,0
5,2024-11-01,소장각으로구입,0
5,2024-11-01,소장각으로구입,0
5,2024-11-01,소장각으로구입,0
5,2024-11-01,아직도 안 읽은 사람 있나요,0
5,2024-11-01,국가 폭력에 무참히 쓰러졌으나 사라지지 않는 불멸의 영혼…사람들의 기억 속으로 살아서 온다,0
5,2024-11-01,한국의 아픈 역사를 이렇게 잘읽히도록 쓰는 사람은 드물것이다,0
5,2024-11-01,잘 읽었습니다,0
5,2024-11-01,"무거운 분위기와 섬세하고 간결한 표현으로
암울했던 역사를 이야기한다!",0
5,2024-11-01,ㅠㅠㅠ눈물나요,0
5,2024-11-01,잘 읽어 보겠습니다!,0
5,2024-11-01,"너무 많이 울어서 .
나는 그때 뭐하고 있어나..",0
5,2024-11-01,잘 읽을게요,0
5,2024-11-01,드뎌주문해봅니다.한강작가님 대표작이라 주문해보아요진작에주문할껄그랬어요노벨문학상축하합니다,0
5,2024-11-01,광주에 살면서도 그동안 미뤄왔던 책을 이제서야 읽게 되네요,0
5,2024-11-01,고맙습니다 작가님 응원합니다,0
5,2024-10-31,작가님 노벨상 수상을 축하드려요. 잘읽겠습니다.,0
5,2024-10-31,잘 읽었습니다,0
5,2024-10-31,드디어받았네요 기대되요,0
5,2024-10-31,삶을살아가며아픔을외면하려하지말고직시하려는용기도필요하다.,0
5,2024-10-31,"잊지 말아야 할 이야기
꼭 읽어야 할 책",0
5,2024-10-31,손에서 놓지 못하고 다 읽어버렸습니다 감사합니다,0
5,2024-10-31,잊어서는 안되는 수 많은 소년들의 이야기,0
5,2024-10-31,무조건 읽어야 할 책,0
5,2024-10-31,"꽤 오래전 읽었던 책
망자들 속에 내가 함께 망자처럼 떠돌던 경험의 책
순식간에 읽고 울었",0
5,2024-10-31,작가님 노벨문학상 수상 축하합니다.,0
5,2024-10-31,"뭔가 울림이 있는데, 가슴이 먹먹해지는 이야기 입니다.",0
5,2024-10-31,재밌어요,0
5,2024-10-31,좋아요 기대됩니다,0
5,2024-10-31,너무 좋았고 다른 분들께도 꼭 추천하고자 합니다.,0
5,2024-10-31,볼때마다 가슴이 아픕니다,0
5,2024-10-31,추천합니다.,0
5,2024-10-31,잘봤습니다,0
5,2024-10-31,노벨문학상 수상을 축하합니다.질 읽겠습니다.,0
5,2024-10-31,아프고 열받고 울분이 끓어올라 눈물이 났습니다.,0
5,2024-10-31,슬프고 읽어야하는 책이에요,0
5,2024-10-31,광주 민주화운동  듣기만 했는데 한강작가의 노벨문학상을 계기로 읽게 되었다.믿기지 않는다,0
5,2024-10-31,넘 좋습니다.,0
5,2024-10-31,강력 추천하는 책입니다.,0
5,2024-10-31,그 시대를 살아던 터라 읽는 내내 가슴이 먹먹하고 눈물이 고여서 꼭 쉼표가 필요했다.,0
5,2024-10-31,너무 잘봤습니다,0
5,2024-10-31,사무치는 이야기,0
5,2024-10-31,인터뷰 보다가 읽고 싶어서 구매했어요,0
5,2024-10-31,몰입력이 강한 책. 주제도 그렇지만 그걸 표현해낸 작가의 문장이 눈을 뗄 수 없게 만들었다,0
5,2024-10-30,현시대를 살아가는 사람이 꼭 읽어야 한다고 생각하는 도서입니다,0
5,2024-10-30,200쪽의 책을 긴 쉼으로 읽었다. 잔인한 고통을 느꼈지만 문학적으로 아름답다.,0
5,2024-10-30,잘 봤습니다,0
5,2024-10-30,잘 읽었어요,0
5,2024-10-30,잘 읽었습니다,0
5,2024-10-30,감성어린 글에 푹 빠졌습니다.,0
5,2024-10-30,잘 읽었습니다.,0
5,2024-10-30,눈물샘 고장 비상비상,0
5,2024-10-30,"채식주의자를 읽고, 본 도서를 추가 구매했는데 역시 한강이네요!",0
5,2024-10-30,내 아들에게 들려줄 분노하고 슬프지만 꼭 알아야 할 이야기,0
5,2024-10-30,역사책에서만 본 희생자들 삶 속에 동화되는 경험을 할 수 있다,0
5,2024-10-30,마음이 아픈 소설~,0
5,2024-10-30,잘 읽었습니다b,0
5,2024-10-30,잘받았습니다. 생각보다 일찍 왔네요,0
5,2024-10-30,멈춘 시간을 살아오신 분들의 그날을 기억하고 바로 보게 해주셔서 감사합니다,0
5,2024-10-30,잘봤어요 눈물이 나네요,0
5,2024-10-30,읽기 힘들 수 있지만 한 번은 읽어보고 싶은 책,0
5,2024-10-30,감사합니다,0
5,2024-10-29,눈물이 계속 흘러..한번에 읽을수가 없다...,0
5,2024-10-29,잘 봤어요,0
5,2024-10-29,흥미로운 전개였습니다,0
5,2024-10-29,열흘만에 받아 보는 노벨문학상 작가의 작품!!!,0
5,2024-10-29,"말이 필요 없는 최고의 작품! ??
동호야! 이제 좀 편안하니?",0
5,2024-10-29,"'꽃 핀 쪽으로 소년이 온다.'
표지 디자인 멋지네요.",0
5,2024-10-29,마음이 아파 어떻게 읽을지..끝까지 읽어볼게요.,0
5,2024-10-29,드디어 받음. 어차피 낱권 배달이니 택배비만 아깝다. 내 돈 아니라도 아깝군요.,0
5,2024-10-29,잘 읽었습니다,0
5,2024-10-29,눈물이 멈추질 않아..,0
5,2024-10-29,노벨상 축하드립니다. 책 읽게 되서 영광입니다.,0
5,2024-10-29,겉표지만 응시한다. 넘길 마음이 조금도 없다. 하지만 직시하는 것은 운명처럼 예정되어 있다,0
5,2024-10-29,이 엄청난 비극을 까마득하게 모르고 살았던 나의 20대가 너무도 부끄럽습니다.,0
5,2024-10-29,잘봤습니다,0
5,2024-10-29,잘읽었습니다. 감사합니다..,0
5,2024-10-28,정대의 이야기에서 마음이 아프고 동호 어머니의 이야기에 눈물이 흘렀다,0
5,2024-10-28,광주 민주화 운동을 모티브로 한 슬픈 이야기,0
5,2024-10-28,역사의  어둠의 물줄기에 빛으로 새길을 연 한강 작가님을 응원합니다.♥♥,0
5,2024-10-28,대한민국 국민이라면 읽어보시길 추천합니다.,0
5,2024-10-28,다시는 이 땅에 이런 비극이 일어나지 않기를.,0
5,2024-10-28,아빠가 읽고 싶으시다고 해서 구매했어요~~,0
5,2024-10-28,사실을 부정하는 자와 집단이 현 정부라니 ..,0
5,2024-10-28,"과거를 잊으면 안된다 그럼 같은 실수를 또 반복하게된다! 
현정부에게 보내는 메세지가 있다",0
5,2024-10-28,열여섯에 별이 된 한 아이를 생각합니다~,0
5,2024-10-28,너무 아프지만 꼭 읽어야 할 책,0
5,2024-10-27,"꽃핀쪽으로, 밝은쪽으로 가자. 어둠은 싫어
고귀한 희생, 잊지 않겠습니다!",0
5,2024-10-27,5.18 이야기를 가슴저리게 느끼게 하는책,0
5,2024-10-27,잘읽었습니다,0
5,2024-10-27,잘 읽었습니다,0
5,2024-10-27,문학을 통한 역사적 사실의 언급은 커다란 힘이 있다. 5.18을 이야기해준 작가에게 감사를,0
5,2024-10-27,작가님의 수상이 518희생자유가족분들께 부디 위로가 되었으면 합니다. 읽고나서 울컥했네요,0
5,2024-10-27,5.18의 광주를. 잊지 않겠습니다.,0
5,2024-10-27,너무 뜻 깊어요,0
5,2024-10-27,드뎌 사유하게 되었네요,0
5,2024-10-27,나는 어쩌면 행운아다. 그들의 아픔을 글로써 공감할 수 있다는것이..,0
5,2024-10-27,재미있어요,0
5,2024-10-27,흥미있게 읽었습니다,0
5,2024-10-27,노벨문학상 축하하며 잘 읽을게요~^^,0
5,2024-10-27,기대됩니다~잘 읽어보겠습니다~~,0
5,2024-10-27,"뜨거운 여름 참혹했던 그 곳에 있는 경험을 했습니다.
잊지 말아야 하는 역사입니다.",0
5,2024-10-26,보면서 눈물이 너무 났습니다. 그날의 슬픔을 잘 몰랐던 제가 부끄러워지는 책입니다.,0
5,2024-10-26,잘 읽었습니다,0
5,2024-10-26,고통스럽지만 평생 잊지 말아야 할,0
5,2024-10-26,읽는 내내 가슴이 무겁지만 책을 놓을 수는 없었습니다.,0
5,2024-10-26,슬프고 아프지만 모두가 꼭 알고 기억해야 하는 사실에 대한 이야기,0
5,2024-10-26,선물하려고 재구매합니다.,0
5,2024-10-26,마음이 미어집니다. 그래서 읽으려니 힘이듭니다. 아픔에 공감하는 마음 감사합니다.,0
5,2024-10-26,마음이 굉장히 무거워집니다.,0
5,2024-10-26,44년전의 소년이 왔다.,0
5,2024-10-26,한강 작가님의 노벨문학상을 진심으로 축하드립니다,0
5,2024-10-26,가슴이 먹먹합니다. 그 때의 소년들이 지금은 평안해졌기를…,0
5,2024-10-26,대학때 들었던 섬뜻한 느낌 그대로 5.18,0
5,2024-10-26,슬프다. 그 시절에 같은 하늘아래 살았다는게 더없이 슬프다. 담담하게 용기있다.,0
5,2024-10-26,노벨 문학상을 진심으로 축하드려요,0
5,2024-10-26,한강작가님의 노벨문학상을 진심으로 축하합니다,0
5,2024-10-26,좋은 문장과 표현 탁월하네요.,0
5,2024-10-26,전쟁이 끊이지 않는데 상이 무슨 소용이겠냐는 말을 이해했다.,0
5,2024-10-25,한강 작가님이 노벨문학상 수상한 이유를 알수있는 자품이네요.,0
5,2024-10-25,소설을 읽으며 이렇게 고통스러운 것은 처음이였습니다. 그런데 책을 놓을 수 없었습니다.,0
5,2024-10-25,노벨상수상 축하드립니다,0
5,2024-10-25,가슴이 먹먹해집니다. 분노에 눈가가 뜨거워집니다..,0
5,2024-10-25,정독해서 읽어보겠습니다.,0
5,2024-10-25,"노벨문학상을 받은 작품을
번역 없이 읽을 수 있어서 기대됩니다.",0
5,2024-10-25,잘 읽었습니다.,0
5,2024-10-25,포악한 비인간화를 마주하고 서 있는 연약한 한 인간의 떨림과 두려움이 강하게 느껴진다.,0
5,2024-10-25,아직도 소년이 오지 못하게 막는 사회와 사람 그리고 국가가 있다는 사실에 화가 난다.,0
5,2024-10-24,드디어 내손에,0
5,2024-10-24,고통을 감내하며 책을 써주신 작가님께 깊이 감사드립니다...,0
5,2024-10-24,구입했습니다 축하드립니다,0
5,2024-10-24,첫 페이지부터 문장들이 미쳤습니다.,0
5,2024-10-24,작가님 응원합니다. 자랑스럽습니다. 너무 슬픈 뉴스들의 홍수속에 정말 기쁜 소식 감사합니다,0
5,2024-10-24,잘봤어요,0
5,2024-10-24,잘봤습니다,0
5,2024-10-24,흡인력이 대단하다. 금방 읽어냈지만 여운이 금방 없어질것 같지않다.,0
5,2024-10-24,좋아요 너무 좋아요,0
5,2024-10-24,우리나라는 부끄럽다. 후진적이다. 시원하게 밝혀진 것이 없으며 오히려 정치적으로 이용한다.,0
5,2024-10-24,너무 좋아요.,0
5,2024-10-23,노벨문학상 수상작이라 많이 기대됩니다!!! 빨리 읽어보고 싶습니다!!,0
5,2024-10-23,잘 읽었습니다.,0
5,2024-10-23,"잠시잠깐 생생하게 눈앞에 영화한편이 펼쳐진듯하네요
훌륭합니다",0
5,2024-10-23,우리가 잊지말고 기억해야 할 역사입니다.,0
5,2024-10-23,소장용으로 구매했어요 너무나도 기뻐요!!,0
5,2024-10-23,굿,0
5,2024-10-23,광주의 아픔을 소설을 통해 간접적으로  느껴볼 수 있었습니다.,0
5,2024-10-23,노벨문학상 수상을 진심으로 축하드립니다.,0
5,2024-10-23,"현대사에서 가장 비극적인 순간, 양심이 있는 불굴의 철인같은 시민들의 삶에 대한 서사",0
5,2024-10-23,잘 읽었습니다,0
5,2024-10-23,보는내내 가슴이 먹먹해 사건관련 다른도서 등 찾아보게되네요.,0
5,2024-10-23,"구매 9일만에 받았습니다
좋은 책 감사요~",0
5,2024-10-23,가슴 아픈 5월의 이야기,0
5,2024-10-23,잘 읽었습니다,0
5,2024-10-23,작가님 노벨문학상 축하드립니다.,0
5,2024-10-22,이제야 구매했어요.....축하드려요 작가님!!!,0
5,2024-10-22,가슴에 남는 작품입니다.,0
5,2024-10-22,의미있는 독서의 시간이 될것 같아요.,0
5,2024-10-22,재미있게 잘 읽었습니다.,0
5,2024-10-22,책을 읽고 더 슬퍼진 것은 여전히 언제까지 이어질지 모르는 현실 속에 있다는 것,0
5,2024-10-22,괴롭지만 읽어야한다.,0
5,2024-10-22,노벨상 수상을 축하드려요,0
5,2024-10-22,한강 작가님 소년이온다 잘 읽었습니다.,0
5,2024-10-22,이분이 2024년 노벨문학상을 받지 않았다면 난 몰랐을 것이다. 한 소년의 죽음을..,0
5,2024-10-22,이분이 2024년 노벨문학상을 받지 않았다면 난 몰랐을 것이다. 한 소년의 죽음을..,0
5,2024-10-22,이분이 2024년 노벨문학상을 받지 않았다면 난 몰랐을 것이다. 한 소년의 죽음을..,0
5,2024-10-22,이분이 2024년 노벨문학상을 받지 않았다면 난 몰랐을 것이다. 한 소년의 죽음을..,0
5,2024-10-22,이분이 2024년 노벨문학상을 받지 않았다면 난 몰랐을 것이다. 한 소년의 죽음을..,0
5,2024-10-22,이분이 2024년 노벨문학상을 받지 않았다면 난 몰랐을 것이다. 한 소년의 죽음을..,0
5,2024-10-22,이분이 2024년 노벨문학상을 받지 않았다면 난 몰랐을 것이다. 한 소년의 죽음을..,0
5,2024-10-22,많은 분들이 읽으시길요,0
5,2024-10-22,잘 읽었습니다.,0
5,2024-10-22,드디어 구매했습니다 좋아요,0
5,2024-10-22,무조건 한국인이라면 읽어봐야하는 필수도서에요,0
5,2024-10-22,기대되는 책이에요,0
5,2024-10-22,감사하고 죄송합니다,0
5,2024-10-22,이북으로 사서 얼른보세요,0
5,2024-10-22,광주 잊지 않겠습니다.,0
5,2024-10-21,종이책도 살거에요,0
5,2024-10-21,한강 작가의 감수성이 나에게 깊이 다가온 작품이다. 졸업전 518 행사의 피상적으로 참석.,0
5,2024-10-21,잘읽었습니다,0
5,2024-10-21,도서배송예정일이 계속 연기되었다. e-book으로 구입해 단숨에 읽었다! e북 강추합니다!,0
5,2024-10-21,잘 읽었어요,0
5,2024-10-21,전생이어도 존엄을 기억해 내는 순간을 기억해야 하는 이유를 알게 되었다.,0
5,2024-10-21,잘봤습니다,0
5,2024-10-21,"슬픈 역사를 다시 생각하게 되고, 읽을 수록 더욱더 슬퍼지는 현실이네요.",0
5,2024-10-21,드디어 받았습니다 감사합니다.,0
5,2024-10-21,잘읽었습니다,0
5,2024-10-20,'소년이 온다' 숙제하듯 그 시대의 피흘린 젊음을 기억하며 읽었다~!,0
5,2024-10-20,잘 읽었습니다,0
5,2024-10-19,노벨문학상 너무 축하드려요.,0
5,2024-10-19,잘 읽었습니다.,0
5,2024-10-19,44년간 바로 볼 수 없었던 그 10일  두꺼운 유리벽 너머로 보듯 덤덤하게 마주했음.,0
5,2024-10-19,한참 기다려받았네요. 기다리는동안 채식주의자 반복읽음,0
5,2024-10-19,읽다가 울다가 읽다가 울다가... 밑줄이 가장 많이 쳐지는 책,0
5,2024-10-19,알게하고 기억 할 수 있도록 이야기해주신 한강 작가님께 감사드립니다.,0
5,2024-10-19,오랜만에 다시 읽네요. 그 시절의 청춘들에게 감사하며 살아가겠습니다.,0
5,2024-10-19,최고입니다.,0
5,2024-10-19,저 가슴이 먹먹할 뿐,0
5,2024-10-18,가슴이 먹먹해도 끝까지 읽는게 내가 할수 있는 유일한 것인것 같았습니다.,0
5,2024-10-18,잔상이 오래 가는 소년 이야기,0
5,2024-10-18,한강님의 노벨문학상 수상으로 이제서야 역사적 트라우마를 마주보게 됐습니다.,0
5,2024-10-18,그냥 마음이 아프다.소년은지금도온다.언제쯤소년은잠들 수있을까,0
5,2024-10-18,"학생 때 보고 도서관에서 눈물흘렸는데 다시 보려고요,",0
5,2024-10-18,노벨문학상 너무너무 축하드립니다!!!!,0
5,2024-10-18,감사합니다. 기억하겠습니다.,0
5,2024-10-17,추천합니다.,0
5,2024-10-17,양장본으로 사두길 다행... 꼭 읽어봐야할 소설,0
5,2024-10-17,잘 읽었습니다. 망설였는데 읽기를 잘 했다 생각합니다.,0
5,2024-10-17,잘읽었습니다,0
5,2024-10-17,생생하여 견디기가 힘드네 요.,0
5,2024-10-17,완독까지 오래 걸릴 수도 있으나 마지막을 넘기면 가슴에 무언가 남는 작품입니다.,0
5,2024-10-17,잊지않아야 겠다는 생각과 절대 반복되어서는 안된다는 생각. 오늘의 나는 어떻게 살아야할까,0
5,2024-10-17,한강 작가님 축하드립니다. 감사합니다!,0
5,2024-10-16,어떤 책보다도 생생하게 모든 것들이 마음 속에 다가왔던거 같습니다. 감사해요.,0
5,2024-10-16,소설이지만 너무 생생하게 참혹함이 느껴진다,0
5,2024-10-16,가슴이 미어진다,0
5,2024-10-16,아...ㅜㅜ,0
5,2024-10-16,한강작가님.  책으로 지난일이 현재라는  확신을  주셨습니다.,0
5,2024-10-16,담담한이야기,0
5,2024-10-16,읽는내내 마음이 편하지 못했습니다. 슬프지 않았습니다. 기억하겠습니다.,0
5,2024-10-15,"순식간에 다 읽었어요,! 가슴에서 눈물이 나는 것 같아요.....",0
5,2024-10-15,.,0
5,2024-10-15,눈물이 나서 .........그래도 끝까지 읽었다,0
5,2024-10-15,먹먹함...,0
5,2024-10-14,잊지 말아야할 5.18을 한강작가가 제대로 글을 써내려 갔다,0
5,2024-10-14,"좋은글 잘 읽었습니다.
감사합니다.",0
5,2024-10-14,차분하게 써내려간  작가님의 문장들을 읽다보니 어느새 가슴이 먹먹해지네요,0
5,2024-10-14,시점이 바뀌는게 어렵게만 느껴졌는데 읽다보니 다각도의 시선으로 그 시절을 알수 있었습니다.,0
5,2024-10-14,눈물이 계속나서 못 읽겠어요,0
5,2024-10-13,다시 이 사실을 읽게 해주어 감사힙니다,0
5,2024-10-13,눈물이 난다,0
5,2024-10-13,"읽는 내나 가슴이 운다.
함께 울어줘서 고맙고
 함께 울어주지 못해 미안해다.",0
5,2024-10-13,세상을 바로보게 해주는 작품 이었다,0
5,2024-10-13,"아무런 배경지식없이 한강이 노벨문학상을 탔다는 것만으로
<채식주위자>와 <소년이온다>를 봄",0
5,2024-10-13,나라가 버린 가족과 친구들을 피로 지켜내며 늦봄을 보냈을 분들께 감사와 미안함을 전합니다.,0
5,2024-10-13,모두 꼭 읽으세요,0
5,2024-10-13,죄 없는 시민들을 대상으로 폭력을 행사한 이들 중 살아있는 자들은  어떻게 살고 있을까?,0
5,2024-10-13,이전 세대의 먼 일을 현 세대가 이해하고자 한다면 이 책을 봐야한다.,0
5,2024-10-13,절대로 잊지 않겠습니다. 오래도록 기억하겠습니다.,0
5,2024-10-12,.,0
5,2024-10-12,재밌습니다. 추천합니다.,0
5,2024-10-12,!!,0
5,2024-10-12,네가 죽은 뒤 장례식을 치르지 못해 내 삶이 장례식이 되었다.,0
5,2024-10-12,잘 읽었습니다. 만족합니다,0
5,2024-10-12,잘 볼게요,0
5,2024-10-12,오늘을 살아가는 모든 이들에게 강력히 추천합니다.,0
5,2024-10-12,최고에요,0
5,2024-10-12,"한줄로 쓸 수 있을까..,",0
5,2024-10-12,이제 오분의 일 가량 읽었는데요. 평생 읽었던 책들 보며 흘렸던 눈물 보다 많이 나오네요,0
5,2024-10-12,잘 읽을께요,0
5,2024-10-11,왜곡하고 무시하면 언제든  반복될 수 있는 비극... 제대로 알고 평가받기를,0
5,2024-10-11,축하드립니다 아껴뒀다가 읽습니다,0
5,2024-10-01,굳,0
5,2024-09-23,너의 시선으로 보는 너의 죽음,0
5,2024-09-19,잘봤습니다,0
5,2024-09-18,꼭 읽어보시길 강추!,0
5,2024-09-18,표지가 맘에 듭니다 특별 한정판 사서 좋아요. 소장용으로 구입!책은 말하나마나 아닙니까~,0
5,2024-09-04,학교 필독서로 선정돼 읽게됐네요,0
5,2024-09-02,소설이지만 소설이 아닌 현실. 기억하자!,0
5,2024-08-21,재밌게 잘 읽었어요,0
5,2024-07-28,소설을 읽어내려 갈수록 맘이 아프고 눈물이 났어요. 소장하며 여러번 읽고싶은 책이에요.,0
5,2024-06-26,굿,0
5,2024-06-24,술술 읽혀요. 추천합니다,0
5,2024-06-07,한강 작가가 사회적 사건을 바라보는 시각을 느낄 수 있게 해준 책,0
5,2024-06-06,좋아요,0
5,2024-06-03,잘 읽었습니다.,0
5,2024-06-03,아주 만족스럽습니다,0
5,2024-05-23,머그컵 마음에 들어요,0
5,2024-05-19,잊지 말자고.,0
5,2024-04-13,그 순간의 잔혹한 공포감과 가족들의 비통한 애절함.,0
5,2024-03-22,추천합니다,0
5,2024-03-08,담담하게 이야기하지만 가슴 아픈 역사로 먹먹하네요,0
5,2024-02-29,읽으면서 너무 슬프고 인간이 이렇게 잔인할수가 있나 생각이 들었던 책입니다.,0
5,2024-02-02,책을 읽으면서 이렇게 무서울 수 있구나 하는 걸 느끼게 해주는 작가의 준비와 필력,0
5,2024-01-25,알고있는 518이지만 아직도 제대로된 진실이 규명되지 않은것 같습니다.,0
5,2024-01-25,눈물없이 볼 수 없는 작품,0
5,2024-01-06,작별하지 않는다를 읽고 이 것도 구매,0
5,2023-12-23,진심으로 추전합니다,0
5,2023-12-21,먹먹하고 가슴아픈 이야기…,0
5,2023-12-13,이제야 제대로 알아가고 있습니다,0
5,2023-12-08,믿고 보는 소설입니다. 좋아요,0
5,2023-11-05,"마음 아파지는 글이었어요
그때 당시에 얼마나 무서웠을지 조금이나마 이해할 수 있었어요",0
5,2023-11-01,인상 깊게 잘 읽었습니다.,0
5,2023-10-14,너무나 잘읽었습니다. 무조건 읽어주세요,0
5,2023-10-09,꼭 읽어야하는 책,0
5,2023-10-05,잘 읽었습니다,0
5,2023-10-01,좋아요~ 추천합니다^^,0
5,2023-09-02,너무 기대됩니다,0
5,2023-09-01,가슴시린 우리의 역사에 관한 이야기,0
5,2023-08-01,중학생 자녀의 학원교재로 구입하였으며 아이가 잘 읽었습니다.,0
5,2023-07-03,한 번은 읽어봐야해,0
5,2023-06-28,잊지 말아야 할 이야기,0
5,2023-05-24,5월에는 읽어야 하는 책,0
5,2023-05-03,필독서입니다,0
5,2023-04-26,잘읽었습니다,0
5,2023-04-13,좋은책 내용 열심히 읽겠습니다,0
5,2023-04-05,너무 좋은 내용이네요,0
5,2023-02-18,재미있어요,0
5,2023-02-04,아픈 역사를 잊지 말아요,0
5,2022-12-06,좋아하는 책,0
5,2022-12-06,재밌게 읽었어요,0
5,2022-10-04,빠른 배송 좋아요,0
5,2022-09-28,그 시절의 아픔을 간직한 글...,0
5,2022-08-24,만족하며 흥미있게 읽었습니다.,0
5,2022-08-09,"모두가 한번씩은 읽어봤으면 좋겠다.
책을 한장한장 넘기는게 너무 힘들고 가슴아픈책",0
5,2022-07-28,잘 읽었습니다,0
5,2022-07-21,재밌어요,0
5,2022-07-15,이 책을 제대로 읽었다면 그 누구도 그들을 더이상 모독할 수 없다,0
5,2022-07-14,"평할 수 없는, 한줄로는 더욱이.",0
5,2022-07-09,소장용으로 구매했습니다.,0
5,2022-07-04,눈물 광광... 많이 슬픈 책,0
5,2022-06-02,살아남은 자들의 뼈에 새겨진 그날의 기억들,0
5,2022-05-07,잘읽었어요,0
5,2022-05-04,재미있게 읽었어요,0
5,2022-04-26,잘 읽었습니다.,0
5,2022-04-12,좋습니다,0
5,2022-03-22,빠르게 잘 받았습니다~^^,0
5,2022-03-18,읽기는 어렵지 않고 여운이 많이 남아요 한번 읽어보면 좋을 것 같아요,0
5,2022-03-09,아이가 읽고싶다네요,0
5,2022-03-01,읽으면서 눈물안흘린자 있겠는가 잊지못할 그곳에 나도 모르게 서있게 하는 능력  그녀 한강,0
5,2022-02-21,잘 읽었습니다.,0
5,2022-01-27,감동입니다.,0
5,2021-12-26,다들 꼭 읽어보시면 좋을 소설 중 하나입니다,0
5,2021-12-05,다시 한번 아픈 역사를 되새김하게 됩니다,0
5,2021-12-01,읽고 좋아서 지인에게 선물했어요~,0
5,2021-11-09,감정이입이 잘 되었어요,0
5,2021-11-01,누구나 읽어보기 좋은 책이네요.,0
5,2021-10-31,잘 읽었습니다.,0
5,2021-10-27,잘읽었습니다.,0
5,2021-10-18,추천이 많아서 구매하게 된 도서입니다! 누구나 한 번쯤 꼭 읽어봤으면 하는 도서,0
5,2021-10-06,슬픈 역사입니다...,0
5,2021-09-27,잘 읽었어요,0
5,2021-09-08,"기록, 기억 건강한 역사를 위해!",0
5,2021-09-01,"잊지 말아야 할 역사이자, 우리 모두가 반드시 알아야 하는 기록입니다.",0
5,2021-08-23,잊지 않겠습니다,0
5,2021-07-27,영원히 잊지말아야 할 역사에 대한 기록,0
5,2021-07-16,믿고 사는 한강,0
5,2021-07-16,믿고 사는 한강,0
5,2021-07-06,너무 좋아요!!!!!ㅠ,0
5,2021-05-23,5.18관련 추천도서라 해서 구입했어요. 한장 한장 넘길때마다 장면이 생생하게 묘사되어 있,0
5,2021-04-30,소년은 너 나 우리,0
5,2021-04-27,잘 봤습니다.,0
5,2021-04-26,유튜브를 보다가 우연히 이책을 알게되었어요 잘 읽을께요..,0
5,2021-04-15,마음이 아프네요ㅠㅠ,0
5,2021-04-01,제 인생책이에요 정말 한 줄 한 줄 눈물이 주룩주룩 나옵니다 꼭 읽어보세요,0
5,2021-02-21,잘 봤습니다.,0
5,2021-02-17,마음아픕니다 ㅠㅠ,0
5,2021-01-24,좋아요,0
5,2021-01-20,아이가 잘 보네요,0
5,2021-01-18,주위 분들이 재밌게 읽어 구매하였습니다.,0
5,2021-01-11,아이가 재미있게 읽었습니다.,0
5,2021-01-07,좋아요,0
5,2021-01-01,아직 읽지는 않았지만 주변에서 추천을 지주 받았던 책이라 기대하고 구매했습니다,0
5,2020-12-18,가치 있는 책입니다. 적극 추천합니다.,0
5,2020-12-14,꼭 읽어봐야 할 이야기,0
5,2020-12-12,지인들에게 선물로 주고 있는데 다들 울면서 읽었대요,0
5,2020-11-25,잘 읽었습니다,0
5,2020-10-31,꼭 읽어봐야 될 소설이라고 생각해요,0
5,2020-09-21,좋아요,0
5,2020-08-04,주위 사람들에게 꾸준히 추천하고 있어요,0
5,2020-07-31,사람들에게 읽으라고 선물하는 중 최고,0
5,2020-07-23,생각이 많아지고 눈물만 나오는 책,0
5,2020-07-01,읽는것만으로도 알 수 없는 죄책감이 느껴진다.,0
5,2020-05-26,"생생하고 섬세한 표현, 그리고 자꾸 부르게 되는 이름들. 이 책은 꼭 읽어야 한다",0
5,2020-05-25,슬픔 .. 마음이 먹먹해지는 책,0
5,2020-04-26,곧 5월이니까 꼭 읽어보세요.,0
5,2020-04-15,군인들이 죽인 사람들에게 왜 애국가를 줄러주는 걸까. 왜 태극기로 관을  감싸는 걸까.,0
5,2020-04-14,반드시 읽어야하는 책입니다,0
5,2020-04-08,반드시 읽어야하는 책,0
5,2020-04-08,마음이 아프다.,0
5,2020-04-04,보지 않았지만 느낄 수 있는 그 시대 이야기,0
5,2020-03-12,잘 읽었습니다,0
5,2020-03-04,181쪽 읽는데 툭 하고 터진 울음이 쉽게 그치지 않았다. 난 껍데기만 알고있었던거였다.,0
5,2020-01-22,슬프네요.,0
5,2020-01-18,치열한데 덤덤하게 써서 더 아픈 글이네요..,0
5,2020-01-11,"지금 누리는 자유가 누구의 피, 누구의 눈물로 지켜온 것인지 잊지말자",0
5,2019-12-14,최고예요 덤덤한 서술에 더욱 마음이 아파왔어요,0
5,2019-10-15,5월 광주에서 무슨 일이 있었는지 사실적으로 그려져 있어 많은 생각을 하게한 책입니다,0
5,2019-09-26,무거운 주제인데 담담하게?부드럽게? 마지막 시점에서는 눈물을 쏟았어요. 마음이 아파요,0
5,2019-09-12,재밌어요.,0
5,2019-09-11,책 펼치자마자 다 읽었네요,0
5,2019-09-03,좋아요. 많은 사람들이 읽었으면 좋겠습니다.,0
5,2019-07-21,잘 읽었습니다.,0
5,2019-06-20,필독서입니다,0
5,2019-06-17,읽고나면 첫장부터 다시 읽고 싶어지는 책,0
5,2019-06-04,잘 읽었습니다.,0
5,2019-06-03,마음이 아프다 모두가 평안하길..,0
5,2019-06-02,5.18을 기억합니다,0
5,2019-05-30,5.18을 기억하며,0
5,2019-05-20,5.18 을기억하며,0
5,2019-05-15,5.18을 알게 해줄 가장 좋은 책,0
5,2019-05-13,기대되는책이네요,0
5,2019-04-24,가슴이 먹먹하여 뭐라 형용할수 없었습니다.,0
5,2019-04-15,잘 읽었습니다,0
5,2019-03-30,너무나 가슴 아프고 처절하며 또 아름다운 소설.,0
5,2019-03-30,아이 학교에서 필요한 책이라 구매하였어요.,0
5,2019-03-02,잘 읽었습니다,0
5,2019-02-23,잘 읽었습니다,0
5,2019-02-19,"5월이 오면, 이 책을 꼭 읽어보세요!",0
5,2019-02-12,표현이 좋아 더 슬프게 느껴졌습니다.,0
5,2019-01-25,좋은책 입니다.,0
5,2019-01-18,"모두가 읽어야 하는 책, 결코 잊지 말아야 하는 그 날.",0
5,2019-01-15,좋은책 잘 읽었습니다,0
5,2019-01-15,흡입력이 있어서 순식간에 읽었어요,0
5,2018-12-25,정말 오랜만에 단숨에 읽은 책이었어요. 한 편의 다큐멘터리 같았습니다.,0
5,2018-12-23,"한강작가님 책이라서 구입했다
우리역사까지 다시한번 공부하는 기회가
됐습니다.",0
5,2018-12-20,잊지 말아야 할 아픈 기억,0
5,2018-12-18,절망 속에서 희망을 말하는 책인 것 같아요.,0
5,2018-12-04,가슴 아프지만 꼭 읽어야 할 소설,0
5,2018-12-04,재미있게 읽었습니다,0
5,2018-11-27,올해 읽은 가장 가슴이 미어지는 책.,0
5,2018-11-24,잘 읽었습니다.,0
5,2018-11-19,재밌게 읽었습니다.,0
5,2018-11-05,마음 속에 많은 말들이 있지만 뭐라고 해야할지 모르겠다. 잘 샀다는 생각이 든다.,0
5,2018-10-21,정말 울면서 봤어요. 감사합니다.,0
5,2018-10-11,이야기가 계속되어야 하는 이유 같아요. 좋은 글 써주셔서 감사합니다.,0
5,2018-09-26,한강님 책속에는 여성들의 역사가 있네요.. 흔한 남성중심의 시선만 담겨져 있지 않아서 좋아,0
5,2018-09-13,잘 읽었어요,0
5,2018-09-09,문 대통령이 읽으셨다 해서 따라 구매했어요 재미있게 잘 봤습니다,0
5,2018-09-03,"짠한역사적사실을멋지게표현해주셨네요
작가님정말대단하세요",0
5,2018-09-03,기대하고있습니다,0
5,2018-08-29,문재인 대통령님께서 읽으신 책.  매우 기대되면서도 벅찬 내용일 듯 한 책입니다.,0
5,2018-08-28,"여러권 구매해서 주변에 나눴습니다
나누고 싶은 책입니다",0
5,2018-08-28,꼭 읽어봐야 할 책이란 말을 많이 들어서 구매했습니다 잘 읽어볼게요,0
5,2018-08-23,이제사  구입해서 봅니다.,0
5,2018-08-19,이젠 이름만 들어도 설레는 작가. 믿고 봅니다.,0
5,2018-07-16,읽으면서 울고 기억하면서 울고,0
5,2018-07-08,감명 깊게 읽은 책,0
5,2018-07-04,감동적입니다..그리고 잊지 말아야 할 역사입니다.,0
5,2018-07-03,기대됩니다,0
5,2018-06-28,믿고 보는 한강 소설,0
5,2018-06-25,한강작가의 작품... 4번째 구입입니다.,0
5,2018-06-19,기대돼요,0
5,2018-06-03,책을 읽는 내내 숨을 쉴 수 없었습니다....,0
5,2018-05-30,"역시 한강작가!!
아니들도 함께봐요",0
5,2018-05-29,숨이 막힙니다...,0
5,2018-05-26,"질곡의 역사~잊지말아야죠...
소장용으로 구입했어요~!",0
5,2018-05-23,꼭 읽어 보길 강추합니다,0
5,2018-05-18,오늘 꼭 읽고싶어서.. 그래서 구매했습니다.,0
5,2018-05-18,마지막 장으로 다가갈 수록 가슴이 먹먹해졌습니다. 쉽게 책을 닫지 못했네요.,0
5,2018-05-13,뭉클합니다,0
5,2018-05-09,돌아오는 5.18을 추모하고자 읽은 글,0
5,2018-04-19,작가이자 투사로써 한강의 면모가 돋보이는 책,0
5,2018-04-08,추천도서올라서 구매했습니당,0
5,2018-04-07,"화가 나고, 먹먹하고 마음이 아프네요 잊어서는 안되는 과거입니다",0
5,2018-04-06,기대합니다,0
5,2018-03-28,잘읽었습니다,0
5,2018-03-25,또 다시 읽을 예정입니다 너무 좋아요,0
5,2018-03-25,또 다시 읽을 예정입니다 너무 좋아요,0
5,2018-03-19,좋은 책이네요.,0
5,2018-03-16,매년 5월만 되면 읽어야지 하는 책입니다,0
5,2018-03-16,매년 5월만 되면 읽어야지 하는 책입니다,0
5,2018-03-16,매년 5월만 되면 읽어야지 하는 책입니다,0
5,2018-03-06,너무 늦은 만남이다.,0
5,2018-03-01,잠을 미룬채 끝까지 읽었다.,0
5,2018-03-01,하루만에 받자마자 3시간만에 다 읽어버렸다,0
5,2018-03-01,하루만에 받자마자 3시간만에 다 읽어버렸다,0
5,2018-02-19,2장이 제일 슬퍼요,0
5,2018-02-14,보는도중 눈물이 시야를가리고 너무 먹먹해서 몇번을 쉬다읽었는지 모르겠다,0
5,2018-02-12,순간 턱 하는 느낌이 오는 책.,0
5,2018-02-10,먹먹하다,0
5,2018-01-30,가슴이 먹먹하고 답답하고 쿵쾅거리고 묵직해지는 경험을 하였습니다.,0
5,2018-01-17,부끄럽고 먹먹해지는 책입니다. 소설이지만 사실이죠,0
5,2018-01-16,먹먹하다. 이렇게 담담하게 슬픈 과거를 그려내다니.,0
5,2018-01-10,"나의 광주 민주화 운동에 대한 첫번째 소설, 민주주의는 인민의 피를 먹고 자란다!!!",0
5,2017-12-13,시험은 끝나고 이제는 독서다. 우리집 남자가 권한책. 읽을만 하네.,0
5,2017-12-12,추천합니다,0
5,2017-12-12,읽는 동안 화가나면서 가슴이 먹먹했다.,0
5,2017-12-09,먹먹 그 자체...,0
5,2017-12-05,영화 택시기사로 눈물이 났다면 이 책을 읽는 내내 분노가 치밀어 오를 것입니다,0
5,2017-12-02,대단합니다,0
5,2017-12-01,광주에 지인이 있다면 누구에게나 있을 상처가 아프다,0
5,2017-11-29,잘 읽었습니다,0
5,2017-11-23,좋은책은 선물해가면서 재구매 계속 해줘야죠^^,0
5,2017-11-20,같은 시간  다른 장소의 비극 ...,0
5,2017-11-08,마음이  너무나  아픕니다~  죄를  지은사람은  꼭  천벌 받기를  ..,0
5,2017-11-07,꼭 잊지 말아야할 우리 역사적 사실들...,0
5,2017-11-07,한강 작가 팬됐어요 넘나 좋아요,0
5,2017-11-07,"읽는 내내 고통, 눈물, 한숨... 어떻게 인간으로 태어나서 그런 짓을...",0
5,2017-11-07,감탄했습니다,0
5,2017-11-06,재미있게 읽었어요.,0
5,2017-11-01,아픈.  역사를 마주하게 되었습니다~,0
5,2017-10-30,읽고나면 너무 가슴 먹먹한책. .,0
5,2017-10-28,"늘 그렇듯, 진실은 불편합니다. 하지만 반드시 밝혀져야합니다.",0
5,2017-10-25,5.18에 대해 느낄 수 있는 책...글이 묘미가 있습니다.,0
5,2017-10-21,꼭영화화되기를!,0
5,2017-10-14,감동적이였어요,0
5,2017-10-10,그대들이 떠난 자리에 남은 저녁..그 저녁을 함깨 하는 시간..,0
5,2017-10-09,광주를 마음으로 이해하는 첫걸음이었습니다.,0
5,2017-10-09,잘 읽었습니다,0
5,2017-10-08,상당히 기대됩니다.,0
5,2017-10-02,가슴 아픈 글이었어요,0
5,2017-10-01,영화 택시운전사 보고 여운이 남아서 책 읽어보려고 구매했어요 가슴 아픈 역사,0
5,2017-09-28,소년이 온다. 아픔과 분노가 밀려온다.,0
5,2017-09-26,우리의 뼈아픈 역사를 다시한번 생각하게 해준다,0
5,2017-09-25,광주민주항쟁에서 스러진 영혼들을 위한 진혼곡 같은 책이에요.,0
5,2017-09-22,피지못한 아이들의 영혼이 위로받길 간절히 바랍니다~~,0
5,2017-09-18,어릴적 있었던 역사적 사건을 바로 보지 못했고 바로 알려 노력하지 않았던 나를 반성해봅니다,0
5,2017-09-11,사실적이라 더 좋아요 읽으면서 죄책감과 책임감이 느껴지는 책이에요,0
5,2017-09-05,"현재가 기억하는 과거, 그 참혹함의 현재",0
5,2017-09-03,진실은 밝혀질 것이고 역사가 기억할 것이다.,0
5,2017-08-30,처음엔. 이게 뭔 내용인가 했는데 읽다보니 마지막장을 볼때까지 가슴이 답답하고 찡하고..,0
5,2017-08-28,기억에 오래 남을 소설,0
5,2017-08-22,택시운전사 보고 구입하게 됏는데 맘이 아프네요,0
5,2017-08-22,너무나 생생한 그 때의 그 기억..,0
5,2017-08-12,좋았습니다,0
5,2017-08-12,광주사는 1인으로 동시대에 살았다면 ㅡㅡ;;;;,0
5,2017-08-08,재밌을거같아요,0
5,2017-08-05,"그 시절을 생각하면 화가 나고, 가슴이 먹먹해집니다.",0
5,2017-08-05,"그 시절을 생각하면 화가 나고, 가슴이 먹먹해집니다.",0
5,2017-08-04,가슴이 먹먹하고 슬픈 책입니다.,0
5,2017-07-22,읽고나서 한강 작가님 팬 됐어요ㅠ,0
5,2017-06-25,너무 슬프고 가슴 아픈...,0
5,2017-06-16,많은 생각을 하게 해주는 도서입니다^^,0
5,2017-06-06,독후감을 쓰면서 글쓰기에 재미를 느끼게 해준 책 분위기가 어두워서 중간중간 쉴 틈이 필요ㅜ,0
5,2017-06-06,독후감을 쓰면서 글쓰기에 재미를 느끼게 해준 책 분위기가 어두워서 중간중간 쉴 틈이 필요ㅜ,0
5,2017-06-06,숙연하게 읽었습니다,0
5,2017-05-29,추천받아서 구매하였습니다. 잘 읽도록 하겠습니다.,0
5,2017-05-26,책읽고 티비보는데 눈에 안들어와요 여운이 기네요 정말 잘 썼어요.,0
5,2017-05-19,기억해야 할 아픈 역사.,0
5,2017-05-12,책갈피 진짜이뻐요 잘읽겠습니가~,0
5,2017-05-12,읽고 난 후 한동안 밤공기가 다르게 느껴지더군요 가슴 한 편도 묵직하니...,0
5,2017-05-10,어려운책....,0
5,2017-05-09,여운이 오래 남는 글입니다. 많은 분들이 꼭 읽어보셨으면 좋겠어요.,0
5,2017-05-08,소년이 온다의 놀라운 흡입력,0
5,2017-05-05,과장이 없이 쓰여져 더 억눌린 슬픔이 느껴집니다.,0
5,2017-05-03,많은 사람들이 보았으면 합니다,0
5,2017-04-12,읽어봐야하는 책이네요 참 좋았습니다.,0
5,2017-04-10,누구나 알고 있지만 아무나 묘사할 수는 없는 수작입니다.,0
5,2017-04-06,이 먹먹함 어찌하면 좋을까요ㅠㅠ,0
5,2017-04-05,전 머시기를 보면 역사와 진실에 참회하지 않는 자는 사면해선 안된다는 교훈을...,0
5,2017-04-01,잊지않겠습니다.,0
5,2017-03-17,그때 광주시민들을 폭도라고 롤아세웠던 모든 이들에게 쥐어주고 싶은 책,0
5,2017-03-11,마음 아픈.. 하지만 읽어봐야할 책.,0
5,2017-03-10,이 책은 우리의 책 우리모두의 책,0
5,2017-03-04,책을 읽고 지금까지 겪어보지 못한 기분을 느끼게 되었다.,0
5,2017-03-04,"읽고난 후 오랫동안 마음 아팠고, 많은 생각을 하게 되었음.",0
5,2017-03-02,한강작가님의 책을 하나씩 읽어보는 중에 알게 된 책입니다. 기억하겠습니다.,0
5,2017-02-19,국민도서가 되면좋겠어요,0
5,2017-02-17,"현실을 외면하며 살아온 나를 돌아봅니다.
또 외면한것은 무엇일까요?",0
5,2017-02-09,가슴이 먹먹해집니다,0
5,2017-02-03,좋습니다,0
5,2017-02-02,한강작가 책 중에서 제일 좋아하는 책이에요,0
5,2017-02-01,소장할만해요,0
5,2017-01-31,가슴 아픈 책입니다. 책 읽으며 광주민주화운동에 대해 찾아보고 더 공부하게되었습니다.,0
5,2017-01-23,한강 누나.누나가 블랙리스트에 있어서 자랑스러워요.윤선아~넌 부끄러운줄 알아라.,0
5,2017-01-20,조장관 사퇴하세요,0
5,2017-01-20,잘 읽겠습니다,0
5,2017-01-18,블랙리스트 한강 작가님~기대하고 읽겠습니다~,0
5,2017-01-16,대단하다,0
5,2017-01-12,광주시민으로서 마음찡하게 읽었습니다 한강님의 표현력은 정말 대단합니다,0
5,2017-01-10,유려한 문장 속에 단단한 슬픔,0
5,2017-01-09,채식주의자도 단숨에 읽게 되던데 이 책도 기대가 큽니다,0
5,2017-01-08,"그 날을 기억해야 하는 것이 우리만은 아니라는 것을, 그들은 모르겠지요.",0
5,2017-01-08,꼭 읽어 보고 싶었던 책입니다,0
5,2017-01-04,읽는 내내 마음이 너무 아파 읽기가 힘들었어요.,0
5,2016-12-29,대한민국 국민들 필독서로 뽑혀마땅한 책,0
5,2016-12-28,이거 안읽은 사람하고 말섞기 시룸,0
5,2016-12-22,추천으로 읽어보려고 구입했어요.,0
5,2016-12-12,추천받아서 산건데 좋아요,0
5,2016-12-05,동생의 추천으로 구매했습니다.,0
5,2016-11-28,가볍게 산 책인데 무겁게 읽었습니다.,0
5,2016-11-28,이 시기에 읽으면 좋은 도서입니다.,0
5,2016-11-27,많은 생각을 하게하는 책이네요,0
5,2016-11-27,예술은 이렇게 역사를 기억한다,0
5,2016-10-27,"한강의 소설, 기대 됩니다.",0
5,2016-10-17,평범하게 살던 사람들을 투쟁가로 만드는 상황이 싫습니다.,0
5,2016-10-13,눈물없인 보기 힘든 소설,0
5,2016-10-13,샀는데 두려움에 펼쳐보지도 못한 책,0
5,2016-10-05,문학이 위대함을 느꼈어요. 예상외의 문장에서 울었어요. 작가님 존경!,0
5,2016-09-29,애써 한장 한장... 눌러 읽어가며 가슴한쪽에 스며든 씁쓸함마저 미안함으로 다가갑니다.,0
5,2016-09-21,담담한 문체에서 오는 전달력. 애써 표현하지 않아도 느낄 수 있었던 슬픔. 추천합니다.,0
5,2016-09-19,용서는 하되 잊지는 말자!! 반드시 기억하고 기억되어야할 책,0
5,2016-09-17,"잊지말아야할 역사.꼭 읽어야 할 사람들,문어닮은 그 양반과 그네탄 공주 등,은 안 읽겠지",0
5,2016-09-17,슬프고 가슴 아픈 이야기,0
5,2016-09-11,기억해야만 한다. 잊어서는 안 된다. 반드시 기억해내야만 한다.,0
5,2016-09-09,읽는 내내 가슴이 아팠네요 잘 읽었습니다,0
5,2016-09-07,마치 영화를보는 것처럼 집중이 너무 잘되고 가슴이먹먹한 내용이네요,0
5,2016-08-25,소수에 의한 다수의 슬픔,0
5,2016-08-23,한강작가에게 호감이 팬으로 바뀌게 한 책,0
5,2016-08-17,지인들에게 추천하고 싶은 작품. 슬프지만 꼭 알아야 할 이야기입니다.,0
5,2016-08-11,보는 내내 무섭고 슬펐습니다. 우리네 이야기인데 외면해왔던 모습이 부끄러웠고요,0
5,2016-08-10,기대하지않고 봐서 그런지 생각보다 너무 괜찮았습니다,0
5,2016-08-09,두고 두고 많은 사람들이 읽고 이야기했으면 하는 작품입니다.,0
5,2016-08-08,작가 한강의 또다른 이야기에 눈물이 난다,0
5,2016-08-07,울었습니다,0
5,2016-08-01,가슴 뭉클한 이야기...이 책을 읽다 신경숙의 엄마를 부탁해가 갑자기 생각이 났다.,0
5,2016-07-26,책을 접하는 순간 내려 놓을 수 없게 만드는 작가 한강님의 표현력과 5월광주에게 감사를..,0
5,2016-07-26,5월의 아픔을 다시 소설로 만날 수 있다.,0
5,2016-07-13,많은 생각을 하게 되는 책입니다.,0
5,2016-07-11,읽는 내내 눈을 감고 읽은 책. 눈을 감고 읽다 결국 눈물이 쏟아져 눈을 뜨게 되는 책,0
5,2016-07-07,당시 상황이 적나라하게 잘 묘사된 것 같다,0
5,2016-07-07,꼭 보세요.. 감히 평가 할 수 없는 글입니다. 용기와 노력에 감사합니다,0
5,2016-07-06,"인물 하나하나를 돋보기로 들여다본 것 같다. 
세상에서 제일 무서운게 양심이란 말",0
5,2016-07-01,"가슴이 먹먹하고 눈물이 났다
대한민국 국민이라면 한번쯤 읽어봐야할것같다",0
5,2016-07-01,가슴이 먹먹한게 지금 내가 살고 있는 곳이 광주여서 더욱 그러겠지요,0
5,2016-07-01,마지막 촛불 장면과...동호가 초반에 놓은 촛불 장면이 겹쳐지는게..인상깊네요,0
5,2016-06-30,읽은지 좀 되었는데 이제서야 한줄평을 남기네요 잘 읽었습니다,0
5,2016-06-26,기억하고  오늘의  거울로  삼아야  할  역사~ 그들이  읽고  반성이란  것을  했으면,0
5,2016-06-23,"결코 잊지 말아야할 우리의 과거,우리의 아픔...",0
5,2016-06-21,"'채식주의자'를 읽기전에 먼저 접했던 책, 이책을 주변사람들에게 먼저 권하고 싶다.",0
5,2016-06-19,광주는 언제쯤 과거의 이야기가 될 것인가?,0
5,2016-06-19,선물하려고 구입했는데 괜찮네요,0
5,2016-06-17,무거운 이야기는 싫지만 읽고 싶은 책입니다~,0
5,2016-06-16,가슴을 울리는,0
5,2016-06-15,"한강이란 이름으로, 수없이 회자되는 책으로 주저없이 선택...기대합니다",0
5,2016-06-14,거창한 구호속에 파묻힌 광주항쟁을 죽은자의 초혼으로 다시 꺼낸 역작,0
5,2016-06-12,소년의 정신은 사라지지 않고 영원히 우리 기억 속에서 살아 남을 것이다.,0
5,2016-06-10,소장가치가 있는 책,0
5,2016-06-10,"오랫만에  많은 생각을 하게 만든 책.
주위분들에게 추천하고 싶은 책.",0
5,2016-06-10,슬프지만 알아야될 이야기...,0
5,2016-06-10,다시금 오월의 그 때를 기억하는 계기가 되었네요...,0
5,2016-06-09,그들중 한명이 나였을 수도 있을 아픈 역사입니다.잊지 않고 같이 기억해주고 싶어요.,0
5,2016-06-09,많은 분들이 추천해 주신 책입니다. 기대를 갖고 읽겠습니다.,0
5,2016-06-08,죽은자들의 입을 통해서 우리는 잊혀질뻔했던  기막힌 사건의 이면을 보게된다...,0
5,2016-06-06,명작이다. 울었다,0
5,2016-06-05,아픈역사를 문학으로 승화함에 더도덜도없는 작품. 평범한 독자 언어로는 그저 최고라고밖에!,0
5,2016-06-05,읽는 내내 마음이 많이 아팠습니다. 몇번씩 크게 한숨을 쉬며 읽어야 하는 책.,0
5,2016-06-03,한강의 세상을 알고 싶어서 작가님의 책을 구매했어요.,0
5,2016-06-02,아파서 손이 안가지만 그래도 읽어야 할 것 같아요,0
5,2016-06-01,아프고 아픈 역사 그리고 소설,0
5,2016-06-01,518에대해더깊이알고싶어구매한책 벌써부터 기대된다,0
5,2016-06-01,읽는내내 붉어지는 눈시울과 한번씩 쓸어내려야 하는 가슴...아프지만 읽어내야 하는 책입니다,0
5,2016-06-01,읽는동안먹먹하기도 막막하기도했습니다,0
5,2016-06-01,"읽는게 고통스러울 정도로 힘들고 아프지만, 절때 잊지 말아야할 그때.",0
5,2016-06-01,역사를 새로운 관점에서 보는 책,0
5,2016-05-31,먹먹하네요.한번씩 읽어보면 좋을것같습니다.,0
5,2016-05-31,"주위에서도 추천하고, 저도 정말 읽어보고 싶은 책이었는데 드디어 구입하게 되었네요.",0
5,2016-05-30,새로운 시선으로 바라본 우리의 아픈 과거 잊지말아야할 사실 바로보아야할 진실리 고스란히..,0
5,2016-05-30,읽다보니 자꾸 눈물이 났다.특히 소년의 엄마가 소년을 기억하는 장면에선 책을 읽기 힘들만큼,0
5,2016-05-28,무거운 주제를 놀라운 표현으로 묘사해 보여줍니다,0
5,2016-05-28,아직 읽지 않았는데 기대됩니다.,0
5,2016-05-27,드디어 샀어요,0
5,2016-05-26,손에 주먹이 쥐어지고 뜨거운 무언가가 솟음을 느꼈습니다. 저들은 저리 호의호식 하는데.,0
5,2016-05-26,소설로만 읽을수 없는 광주의 기록.. 화자가 바뀔때 마다 가슴한편이 시리다.,0
5,2016-05-26,"518 광주항쟁의 처참함을 현실감있게 담은 책.
가슴이 저리도록 아픈 책.",0
5,2016-05-25,무심한듯 가슴을 저리게 만든다,0
5,2016-05-25,잊지말아야할 가슴아픈 역사,0
5,2016-05-25,5월 광주 항쟁을 잊지 않기 위해 동생에게 선물했는데 저도 꼭 읽어 보고 싶습니다^^,0
5,2016-05-25,활자가 그려낸 상황이 너무도 참담해 책장을 넘기기 힘들다.,0
5,2016-05-24,같은 하늘아래 있었는지도 모르는 전쟁같은 실화가 해마다 5월이면 가슴을 먹먹하게 만드는,0
5,2016-05-23,5월이면 읽어야 할 책 중에 한 권!,0
5,2016-05-23,"국가가 왜,누굴 위해 존재해야되는지 알려주는 잊어서는 알 될 가슴 아픈 역사의 한 페이지.",0
5,2016-05-22,잊어서는안되는 역사,0
5,2016-05-21,오월에 만나 더욱 의미깊은 책. 아프다.,0
5,2016-05-20,광주의 민주화 운동을 다룬 작품이라해서 다른 책과 함께 구매했습니다,0
5,2016-05-18,광주의 아픔을 다시 새길 수 있는 작품이었어요.,0
5,2016-05-18,5월에 무슨 일이 있었는지 잘 몰랐던 내게 충격을 준 책. 책에 빨려들어가듯이 읽었다.,0
5,2016-05-18,이땅에 다시는 똑같은 아픔이 없기를...,0
5,2016-05-09,이것은 필독해야할 책이라고 생각합니다~ 읽고나면 마음이 많이 무거워지지만..,0
5,2016-05-02,마음을 다잡고 읽어야 할 책!,0
5,2016-04-24,아직 안읽었는데... 기대되요 평이 정말 좋네요,0
5,2016-04-06,채식주의자 읽고 한강 소설 또 구입했어요~,0
5,2016-03-27,담담하게 써 내려간 문장들이 오히려 가슴을 먹먹하게 만든다. 그리고 역사가 부끄럽다.,0
5,2016-03-15,정말 이젠 유명해진 한강!,0
5,2016-03-04,어서 읽어 보고 싶습니다. 기대됩니다.,0
5,2016-02-02,아직 한국 민주주의는 오지 않았다..,0
5,2016-01-21,첫 한강 소설입니다. 꼭 읽어봐야 할 책입니다.,0
5,2016-01-11,빨리읽고싶은책,0
5,2015-12-10,가슴이 먹먹해지는 소설 여운이 오래가네요,0
5,2015-10-16,한강. 우리에게 절실히 필요한 작가.,0
5,2015-10-02,잊을 수 없는 비극,0
5,2015-10-01,300페이지도 안되는 가벼운 책이지만 내용은 묵직한 책.,0
5,2015-09-06,"주변 사람들에게 추천하고 싶은 책, 불편하다고, 마음이 아프다고 외면하지는 말았으면..",0
5,2015-07-24,절창(絶唱)! 슬픔에 겨워 뼛속까지 저릿저릿하다,0
5,2015-07-23,많이 알고 있다 생각했는데 이렇게 소설책으로 보니 제가 모르던 더 아픔이 있네요,0
5,2015-06-03,"구입후 지인한테 먼저 빌려줬더니, 돌려줄수 없다는 황당한???..다시 구입해야..!!!",0
5,2015-05-26,많은 분들이 읽었음 하는 바램,0
5,2015-02-24,"이기호의 <차남들의 세계사>와 같이 놓고 읽어야 할, 80년대 광주 그 순간의 기록-",0
5,2015-02-14,상처로 남은 열흘의 일들과 사람들을 기억하는 서정시같은 소설.,0
5,2015-01-12,좋은 책은 많지만 다 읽고 작가에게 감사의 마음이 솟구치기는 이번이 처음.정말 감사합니다.,0
4,2025-07-13,잊지 말고 기억해야 합니다.,0
4,2025-07-06,잘 읽어볼게요!!,0
4,2025-06-30,읽고 있어요 근데 생각 보다 글이 잘 읽히지 않아요,0
4,2025-06-04,대체 얼마나 더 많은 목숨을 잃어야 그들의 희생에 감사하며 숭고함을 인정할 수 있을 것인가,0
4,2025-05-03,"기대합니다 
이제서야 읽어보네요",0
4,2025-04-27,잘봤어요,0
4,2025-03-30,요즘 시대에 맞는... 울림이 있는 작품이었습니다.,0
4,2025-03-20,목도할 수 밖에 없는 거울 앞에 서 있는 내 모습!,0
4,2025-03-14,읽는 내내 마음은 아팠으나 완독하고 나니 묘하게 희망이 생겼던 책,0
4,2025-03-08,잘 봤어요,0
4,2025-03-08,소년이 온다 내용 좋아요,0
4,2025-03-05,생각하게만들어요.근데 제 취향은아니에요,0
4,2025-03-04,읽으면서 너무 가슴 아픈...,0
4,2025-03-04,읽으며 너무 아픈맘이 드는...,0
4,2025-03-04,"광주에서의 일들을 생생하게 표현한듯하네요
그림과 글은 가슴에 와 닿는 느낌이 다른듯합니다.",0
4,2025-02-19,좋은 소식입니다 i 대한민국 근대사의 아픔의 역사를 잘 그려낸거 같습니다,0
4,2025-02-17,기억,0
4,2025-02-12,"역사의 기록을 섬세하게 기록한 소설, 소장할 가치가 있는 책입니다.",0
4,2025-02-07,그 때의 상황이 얼마나 참혹했을지 알게해준 책이었다.,0
4,2025-02-02,"베 기저귀에 노란 똥을 싼 동호, 그 똥 조차도 향긋했다고 하는 동호 엄마의 이야기,...",0
4,2025-02-02,많은 생각을 들게 하는 작품. 묘사가 상당히 디테일해서 현장에 있는듯한 느낌.,0
4,2025-01-29,역사적인 책이 될 거라 생각해요,0
4,2025-01-25,최고예요,0
4,2025-01-12,남편이 읽고싶어하여 구매했습니다.,0
4,2025-01-04,추천해서 사 봤어요,0
4,2024-12-29,경험해보지 못한 시대 책으로 느껴봅니다. 다시는 이땅에서 되풀이되지 않기를….,0
4,2024-12-25,앞장.뒷장정도봐도 몽글몽글합니다,0
4,2024-12-25,지금 시점에 읽으면 가장 좋을 책,0
4,2024-12-24,먹먹해집니다,0
4,2024-12-19,역사의 한 장면 잘읽어보겠습니다.,0
4,2024-12-17,노벨문학상이라니~대단하다,0
4,2024-12-08,좋지않은.편치않던 내 마음,0
4,2024-12-04,새롭게 보이는 다른 세상들,0
4,2024-12-04,내용 잘 봤습니다.,0
4,2024-11-25,꼭 읽어봐야할 책,0
4,2024-11-21,"죽음보다 두려운 잃어버릴 미래를 되찾기 위해
소년이 온다 우리 모두와 함께",0
4,2024-11-18,역사적 내용이 담겨 의미있다.,0
4,2024-11-18,당연하게 여겨왔던 나의 자유는 민주주의를 위해서 목숨바친 이들이 있었기에 가능했던 것임,0
4,2024-11-17,또다시 역사 현실을 마주하다...,0
4,2024-11-17,또다시 역사 현실을 마주하다...,0
4,2024-11-17,또다시 역사 현실을 마주하다...,0
4,2024-11-15,좋았습니다.,0
4,2024-11-13,참 기대가 됩니다.,0
4,2024-11-03,"역사책 같은...
 소년이 온다
노벨상 축하드려요!",0
4,2024-11-01,아직 읽어보지는 않았지만 한강 책의 첫 시작으로 구매합니다.,0
4,2024-10-29,이제는 우리가  깨어서 밝은 곳으로 빛이 비추는 곳으로 꽃이 피는 곳으로 가야합니다.,0
4,2024-10-27,주문 후 잊을만하니 받았지만  기다린 보람이 있네요,0
4,2024-10-26,"슬프고 두려운, 봉인된 죽음의 서사 대신 시적 위로가 어둠에서 빛의 세상으로 이끈다.",0
4,2024-10-25,배송느려요,0
4,2024-10-25,무겁다라는 표현이 맞겠지,0
4,2024-10-24,잘봤어요,0
4,2024-10-24,아련히 아려오는 동시대인의 죄책감을 불러  일으키는 울림이 있는 글이다,0
4,2024-10-21,아직 책을 받지 못했다. 기대하고 있습니다.,0
4,2024-10-21,마음이 아픈 이야기,0
4,2024-10-17,별 4개,0
4,2024-10-15,역사적 진실과 남겨진 상흔에 대한 감동적인 성찰.,0
4,2024-10-11,이북 교정 다시 봐야 할 것 같음. 작품 자체는 좋은데 이북 띄어쓰기가 엉망임,0
4,2024-06-14,전에 읽었던 책인데 양장판으로 한번 더 읽어본다.,0
4,2024-03-09,,0
4,2023-09-22,아이와 함께 읽으려고 구입했어요.,0
4,2023-08-17,미루고 미루다 구매했어요,0
4,2023-05-04,맘 아프지만 읽어볼만한 책,0
4,2022-10-13,잘볼께요,0
4,2022-05-02,잘 읽었어요,0
4,2022-03-26,잘 읽었습니다,0
4,2022-03-07,좋아요,0
4,2021-06-24,꼭 읽어보았음좋겠어요,0
4,2021-06-03,슬퍼요 ㅠ,0
4,2021-04-21,우리가 기억해야할 역사,0
4,2021-02-08,마음이 힘들어서 못 읽겠어요ㅜ,0
4,2020-09-26,딸아이가 학교 과제로 필요하다고 주문해주었네요,0
4,2020-04-23,"많이 생각하게 된 책이에요, 마음이 아팠어요",0
4,2020-03-30,불편하고 아리지만 외면할 수 없는 현실.,0
4,2020-02-07,읽는 내내 마음불편했어요,0
4,2020-01-31,술술읽히고 슬픔.. 읽을만한데... 화자를 표현하는 독특한 방법이 전어렵네여.,0
4,2019-09-01,추천합니다,0
4,2019-06-27,여러 곳의 추천을 받아 구입했습니다.,0
4,2019-06-24,잘 읽었습니다!!!!,0
4,2019-06-16,공감을 하기에 충분히 표현되고 묘사되어 있어서 그날의 일들이 생생하게 그려집니다.,0
4,2019-06-10,생생한 묘사에서 그 날의 아픔이 실감나게 전달됩니다.,0
4,2019-03-19,5월에 읽어봐야 하는 책,0
4,2019-02-27,지금도 헛짓거리 하고 있는 자들에게 !!,0
4,2018-11-13,좋은 독서는 불행한 과거를 위로해준다,0
4,2018-10-08,잘 읽겠습니다.,0
4,2018-09-17,잘 읽겠습니다,0
4,2018-08-24,한강작가의 소설을 처음 읽어봤는데 정말 소설의 주인공이 쓴듯한 표현력과 사실성에 놀랐습니다,0
4,2018-07-18,"추천받아 산 책입니다
잘읽고있어요",0
4,2018-05-30,꼭읽고싶었던책이예요,0
4,2018-05-04,평이 좋아서 휴가때 들고가려고 주문했어요.,0
4,2018-03-06,아주 좋네요,0
4,2018-01-23,"특별할 것 없는 문체와 바르지 않은 어순을 덮을만 한 구성, 눈물겹도록 끔찍한 그날의 회상",0
4,2017-12-16,택시운전사를 보고 관심이 생겨 구매했습니다.,0
4,2017-09-27,먹먹하네요. 시대의 아픔을 조금이나마 느낄 수 있었습니다.,0
4,2017-08-31,한강작가님의 색이 보이는 책,0
4,2017-08-15,"소장가치 충분한 책
여운이 많이 남는 책",0
4,2017-06-19,아버지세대의 시대상황을 다시금 느끼게해준 책입니다,0
4,2017-05-31,다 읽어도 또 읽어도 모를 것이다. 기억이 다르니까. 그래도 읽어야 한다.,0
4,2017-05-17,잘 읽을게요,0
4,2017-05-02,먹먹한 소설입니다. 그날의 이야기를 생생하게 듣는 기분.,0
4,2017-04-30,우리가 밝혀야할 역사 강추입니다~,0
4,2017-04-16,이 글을 많은 사람들이 봤으면 좋겠어요,0
4,2017-02-27,불편하지만  꼭 읽어야 할 책,0
4,2017-01-09,어렵다 하지만 아프고 절절한,0
4,2017-01-08,대학교재로 사용한책이에요~,0
4,2017-01-04,재미있을것같아 구매했어요. 오늘 배송왔어요..기대됩니다~^^,0
4,2016-10-26,기대되요...,0
4,2016-10-22,덤덤히 읽다가 나중에는 오열하게 만드는 책,0
4,2016-10-12,"5장 밤의 눈동자, 왜 난해해져야 하는지?",0
4,2016-10-08,채식주의자의 한강님을 더 깊이 알고싶어 구매한 책,0
4,2016-09-26,"조심해서 읽길..
며칠을 가슴 앓이 할 책",0
4,2016-08-03,심오한듯 아닌듯 마음이 너무 아려오네요,0
4,2016-07-15,"나의 동생이고, 누나이고, 이웃이었을 그들의 용기에 존경을 표합니다.",0
4,2016-06-30,잘 읽었습니다,0
4,2016-06-17,잊지 말아야 할 우리들의 슬픈 과거,0
4,2016-06-14,기대되네요!!,0
4,2016-06-14,슬픈이야기가 싫지만 그래도 읽을 수밖에 없는 한강의 이야기. 휴유증이 크다.,0
4,2016-06-05,"시간이 흘러 기억이 흐릿해지는게 아니라, 다른 모든 것이 서서히 마모된다.- 우리 모두가",0
4,2016-05-29,"너무  사실적으로  묘사했다
그 80년대 이런 일이  어떻게  일어났나  싶은",0
4,2016-05-24,생생하다고 해야겠네요~,0
4,2015-10-23,"문학이 할 수 있는 최대치를, 한강의 이 소설은 해낸 것 같다.",0
4,2015-10-13,사놓고 앞부분이 우울하여 아직 읽지 않고있습니다. 곧 읽게될날이 오겠죠,0
4,2015-03-17,나의 대학시절을 다시한번 기억속으로 본 광주사태,0
4,2015-02-27,무거운 이야기임에도 쑤욱 읽어지는 편안함,0
3,2025-05-21,저는 이런 형식이 좀 ...,0
3,2025-04-26,한강 작가의 대표작!,0
3,2025-02-28,아이읽으라고 샀는데 학원샘께서 좀더 있다읽으라고..아직 읽기 내용이 좀 잔인해서인가싶어요,0
3,2024-12-07,나는 아직 잘 모륵겟다.,0
3,2024-12-05,소재가 참 마음 아프네요 잘 봤어요,0
3,2024-11-25,"화자가 ""너""인 특이한 시점은 흡입력있게 술술 넘어가지만 결코 가볍지 않은 내용",0
3,2024-11-03,노벨문학상 수상소식에 구매했는데 내용이 크게 와닿지가 않네요.,0
3,2024-11-03,"잘 읽혀지지가 않아서 읽다가 덮다가...
아직 완독은 못 했습니다
노벨상축하합니다",0
3,2024-11-02,시간을 넉넉히 두고 천천히 읽어볼 책,0
3,2024-10-17,한강의 소년이 옵니다!,0
3,2024-05-14,꽃 같은 청춘들이 무엇을 위해 희생되었나,0
3,2022-02-10,내 수준이 떨어져서 그런지 문체가 어렵고 지루함.,0
3,2018-08-26,"한강 작가의 문체와 나는 맞지 않는 듯 하다..
아직까진",0
3,2018-06-15,먹먹해지는 느낌. 무엇으로도 표현하기가 어렵다,0
3,2017-05-08,왠지 어려웠던 책,0
3,2016-05-23,"꼭 기억해야할 그래서 꼭 읽어야하는,,",0
